match_id,innings,over_mark,runs_so_far,wickets_down,current_run_rate,balls_since_boundary,final_score
M0001,1,6,41,1,6.83,3,168
M0001,1,10,69,2,6.9,0,168
M0001,1,12,79,2,6.58,5,168
M0001,1,15,110,3,7.33,2,168
M0001,2,6,55,2,9.17,6,185
M0001,2,10,85,3,8.5,5,185
M0001,2,12,105,3,8.75,1,185
M0001,2,15,141,4,9.4,3,185
M0002,1,6,25,4,4.17,1,151
M0002,1,10,62,4,6.2,4,151
M0002,1,12,83,4,6.92,1,151
M0002,1,15,104,5,6.93,9,151
M0002,2,6,64,0,10.67,0,205
M0002,2,10,102,1,10.2,3,205
M0002,2,12,123,1,10.25,5,205
M0002,2,15,156,3,10.4,0,205
M0003,1,6,54,0,9.0,5,194
M0003,1,10,107,0,10.7,3,194
M0003,1,12,128,1,10.67,2,194
M0003,1,15,167,1,11.13,3,194
M0003,2,6,46,1,7.67,14,141
M0003,2,10,88,4,8.8,0,141
M0003,2,12,99,5,8.25,12,141
M0003,2,15,115,5,7.67,6,141
M0004,1,6,64,0,10.67,0,180
M0004,1,10,90,3,9.0,1,180
M0004,1,12,105,3,8.75,0,180
M0004,1,15,135,3,9.0,0,180
M0004,2,6,57,2,9.5,6,192
M0004,2,10,103,2,10.3,4,192
M0004,2,12,130,3,10.83,2,192
M0004,2,15,151,3,10.07,12,192
M0005,1,6,50,0,8.33,9,162
M0005,1,10,86,2,8.6,0,162
M0005,1,12,99,2,8.25,6,162
M0005,1,15,119,3,7.93,1,162
M0005,2,6,47,5,7.83,11,109
M0005,2,10,74,6,7.4,1,109
M0005,2,12,85,8,7.08,5,109
M0005,2,15,108,9,7.2,4,109
M0006,1,6,42,0,7.0,36,148
M0006,1,10,61,0,6.1,60,148
M0006,1,12,80,0,6.67,72,148
M0006,1,15,108,0,7.2,7,148
M0006,2,6,59,1,9.83,3,168
M0006,2,10,94,2,9.4,1,168
M0006,2,12,107,2,8.92,1,168
M0006,2,15,126,3,8.4,8,168
M0007,1,6,61,3,10.17,2,150
M0007,1,10,80,5,8.0,1,150
M0007,1,12,90,5,7.5,0,150
M0007,1,15,108,5,7.2,4,150
M0007,2,6,44,1,7.33,10,143
M0007,2,10,65,2,6.5,11,143
M0007,2,12,81,3,6.75,6,143
M0007,2,15,109,3,7.27,0,143
M0008,1,6,43,1,7.17,7,147
M0008,1,10,85,2,8.5,3,147
M0008,1,12,101,4,8.42,7,147
M0008,1,15,107,4,7.13,25,147
M0008,2,6,62,0,10.33,0,177
M0008,2,10,95,1,9.5,1,177
M0008,2,12,98,1,8.17,13,177
M0008,2,15,125,2,8.33,2,177
M0009,1,6,70,1,11.67,4,196
M0009,1,10,103,1,10.3,5,196
M0009,1,12,121,2,10.08,4,196
M0009,1,15,133,2,8.87,22,196
M0009,2,6,48,2,8.0,0,154
M0009,2,10,71,3,7.1,4,154
M0009,2,12,87,5,7.25,6,154
M0009,2,15,121,5,8.07,11,154
M0010,1,6,45,2,7.5,4,96
M0010,1,10,65,4,6.5,16,96
M0010,1,12,72,6,6.0,5,96
M0010,1,15,84,7,5.6,11,96
M0010,2,6,43,2,7.17,2,151
M0010,2,10,87,2,8.7,1,151
M0010,2,12,111,3,9.25,0,151
M0010,2,15,127,6,8.47,16,151
M0011,1,6,49,1,8.17,8,175
M0011,1,10,89,2,8.9,3,175
M0011,1,12,104,2,8.67,3,175
M0011,1,15,132,3,8.8,3,175
M0011,2,6,50,2,8.33,3,185
M0011,2,10,98,3,9.8,1,185
M0011,2,12,106,3,8.83,13,185
M0011,2,15,139,4,9.27,1,185
M0012,1,6,69,1,11.5,0,183
M0012,1,10,99,2,9.9,2,183
M0012,1,12,123,2,10.25,2,183
M0012,1,15,143,3,9.53,13,183
M0012,2,6,54,1,9.0,24,143
M0012,2,10,81,2,8.1,48,143
M0012,2,12,91,2,7.58,60,143
M0012,2,15,108,3,7.2,78,143
M0013,1,6,32,2,5.33,16,133
M0013,1,10,49,4,4.9,40,133
M0013,1,12,67,4,5.58,0,133
M0013,1,15,96,4,6.4,2,133
M0013,2,6,44,6,7.33,21,117
M0013,2,10,60,8,6.0,45,117
M0013,2,12,65,8,5.42,57,117
M0013,2,15,88,9,5.87,1,117
M0014,1,6,39,2,6.5,3,171
M0014,1,10,84,3,8.4,1,171
M0014,1,12,103,3,8.58,5,171
M0014,1,15,125,3,8.33,0,171
M0014,2,6,52,3,8.67,8,106
M0014,2,10,76,6,7.6,10,106
M0014,2,12,86,8,7.17,1,106
M0015,1,6,48,3,8.0,0,119
M0015,1,10,68,3,6.8,6,119
M0015,1,12,75,6,6.25,18,119
M0015,1,15,97,8,6.47,7,119
M0015,2,6,65,2,10.83,12,192
M0015,2,10,103,3,10.3,2,192
M0015,2,12,113,4,9.42,11,192
M0015,2,15,138,5,9.2,7,192
M0016,1,6,51,2,8.5,0,156
M0016,1,10,73,4,7.3,7,156
M0016,1,12,82,4,6.83,19,156
M0016,1,15,98,5,6.53,0,156
M0016,2,6,49,1,8.17,12,136
M0016,2,10,75,3,7.5,8,136
M0016,2,12,92,3,7.67,0,136
M0016,2,15,113,3,7.53,3,136
M0017,1,6,50,2,8.33,7,173
M0017,1,10,94,3,9.4,0,173
M0017,1,12,108,3,9.0,2,173
M0017,1,15,136,3,9.07,2,173
M0017,2,6,40,2,6.67,29,163
M0017,2,10,77,5,7.7,6,163
M0017,2,12,100,5,8.33,1,163
M0017,2,15,113,5,7.53,2,163
M0018,1,6,40,2,6.67,4,160
M0018,1,10,65,4,6.5,16,160
M0018,1,12,84,5,7.0,0,160
M0018,1,15,108,5,7.2,0,160
M0018,2,6,37,2,6.17,3,129
M0018,2,10,63,2,6.3,1,129
M0018,2,12,78,2,6.5,1,129
M0018,2,15,90,2,6.0,16,129
M0019,1,6,60,2,10.0,1,152
M0019,1,10,86,3,8.6,12,152
M0019,1,12,101,3,8.42,2,152
M0019,1,15,115,4,7.67,12,152
M0019,2,6,34,2,5.67,11,132
M0019,2,10,66,2,6.6,0,132
M0019,2,12,90,3,7.5,0,132
M0019,2,15,107,3,7.13,4,132
M0020,1,6,88,0,14.67,1,226
M0020,1,10,115,1,11.5,14,226
M0020,1,12,136,1,11.33,1,226
M0020,1,15,165,2,11.0,4,226
M0020,2,6,71,3,11.83,5,202
M0020,2,10,106,3,10.6,9,202
M0020,2,12,125,4,10.42,0,202
M0020,2,15,163,4,10.87,4,202
M0021,1,6,48,2,8.0,1,150
M0021,1,10,72,2,7.2,7,150
M0021,1,12,79,2,6.58,19,150
M0021,1,15,109,3,7.27,0,150
M0021,2,6,55,0,9.17,2,172
M0021,2,10,94,2,9.4,2,172
M0021,2,12,109,3,9.08,0,172
M0021,2,15,128,3,8.53,0,172
M0022,1,6,65,1,10.83,1,159
M0022,1,10,95,3,9.5,3,159
M0022,1,12,115,5,9.58,0,159
M0022,1,15,133,6,8.87,2,159
M0022,2,6,46,0,7.67,13,189
M0022,2,10,88,0,8.8,3,189
M0022,2,12,113,0,9.42,6,189
M0022,2,15,131,2,8.73,16,189
M0023,1,6,80,3,13.33,3,202
M0023,1,10,122,4,12.2,5,202
M0023,1,12,131,4,10.92,2,202
M0023,1,15,142,5,9.47,20,202
M0023,2,6,50,2,8.33,5,165
M0023,2,10,94,3,9.4,1,165
M0023,2,12,102,3,8.5,13,165
M0023,2,15,123,3,8.2,1,165
M0024,1,6,52,0,8.67,1,175
M0024,1,10,88,3,8.8,3,175
M0024,1,12,100,5,8.33,15,175
M0024,1,15,131,5,8.73,9,175
M0024,2,6,52,0,8.67,3,170
M0024,2,10,88,1,8.8,5,170
M0024,2,12,108,2,9.0,10,170
M0024,2,15,115,4,7.67,28,170
M0025,1,6,63,0,10.5,5,170
M0025,1,10,107,3,10.7,3,170
M0025,1,12,121,3,10.08,4,170
M0025,1,15,141,6,9.4,13,170
M0025,2,6,40,3,6.67,13,176
M0025,2,10,87,4,8.7,0,176
M0025,2,12,118,6,9.83,0,176
M0025,2,15,149,6,9.93,4,176
M0026,1,6,69,1,11.5,0,153
M0026,1,10,95,4,9.5,7,153
M0026,1,12,112,4,9.33,1,153
M0026,1,15,123,5,8.2,11,153
M0026,2,6,43,1,7.17,7,145
M0026,2,10,71,2,7.1,1,145
M0026,2,12,85,2,7.08,0,145
M0026,2,15,105,3,7.0,4,145
M0027,1,6,44,2,7.33,12,133
M0027,1,10,73,5,7.3,3,133
M0027,1,12,89,6,7.42,7,133
M0027,1,15,104,6,6.93,2,133
M0027,2,6,50,3,8.33,10,140
M0027,2,10,71,5,7.1,21,140
M0027,2,12,89,5,7.42,6,140
M0027,2,15,108,5,7.2,12,140
M0028,1,6,65,1,10.83,1,183
M0028,1,10,100,2,10.0,3,183
M0028,1,12,119,2,9.92,0,183
M0028,1,15,138,3,9.2,6,183
M0028,2,6,46,3,7.67,0,165
M0028,2,10,94,3,9.4,2,165
M0028,2,12,110,4,9.17,9,165
M0028,2,15,134,6,8.93,0,165
M0029,1,6,57,2,9.5,6,181
M0029,1,10,110,3,11.0,1,181
M0029,1,12,125,4,10.42,7,181
M0029,1,15,147,5,9.8,3,181
M0029,2,6,56,1,9.33,1,187
M0029,2,10,90,1,9.0,18,187
M0029,2,12,103,2,8.58,6,187
M0029,2,15,131,2,8.73,2,187
M0030,1,6,43,0,7.17,18,161
M0030,1,10,78,2,7.8,1,161
M0030,1,12,90,2,7.5,10,161
M0030,1,15,116,2,7.73,6,161
M0030,2,6,39,1,6.5,10,164
M0030,2,10,76,1,7.6,0,164
M0030,2,12,100,1,8.33,0,164
M0030,2,15,119,1,7.93,9,164
M0031,1,6,61,2,10.17,3,186
M0031,1,10,85,2,8.5,14,186
M0031,1,12,99,2,8.25,4,186
M0031,1,15,141,3,9.4,1,186
M0031,2,6,74,2,12.33,2,191
M0031,2,10,108,6,10.8,7,191
M0031,2,12,124,6,10.33,0,191
M0031,2,15,146,6,9.73,1,191
M0032,1,6,49,1,8.17,3,168
M0032,1,10,82,2,8.2,5,168
M0032,1,12,99,3,8.25,1,168
M0032,1,15,117,3,7.8,9,168
M0032,2,6,47,4,7.83,12,150
M0032,2,10,87,5,8.7,3,150
M0032,2,12,95,6,7.92,15,150
M0032,2,15,122,6,8.13,3,150
M0033,1,6,33,3,5.5,13,155
M0033,1,10,72,4,7.2,0,155
M0033,1,12,77,4,6.42,12,155
M0033,1,15,91,4,6.07,17,155
M0033,2,6,46,3,7.67,7,151
M0033,2,10,72,3,7.2,6,151
M0033,2,12,83,4,6.92,1,151
M0033,2,15,114,6,7.6,1,151
M0034,1,6,46,1,7.67,4,157
M0034,1,10,68,4,6.8,5,157
M0034,1,12,85,6,7.08,1,157
M0034,1,15,104,6,6.93,6,157
M0034,2,6,38,0,6.33,3,162
M0034,2,10,72,1,7.2,0,162
M0034,2,12,79,1,6.58,12,162
M0034,2,15,101,2,6.73,4,162
M0035,1,6,51,3,8.5,1,175
M0035,1,10,92,4,9.2,3,175
M0035,1,12,106,5,8.83,2,175
M0035,1,15,135,5,9.0,1,175
M0035,2,6,48,3,8.0,11,107
M0035,2,10,67,6,6.7,9,107
M0035,2,12,86,8,7.17,4,107
M0036,1,6,43,3,7.17,14,140
M0036,1,10,76,5,7.6,5,140
M0036,1,12,94,5,7.83,0,140
M0036,1,15,114,5,7.6,5,140
M0036,2,6,50,2,8.33,2,149
M0036,2,10,81,4,8.1,7,149
M0036,2,12,90,5,7.5,7,149
M0036,2,15,115,7,7.67,0,149
M0037,1,6,64,4,10.67,4,161
M0037,1,10,90,4,9.0,13,161
M0037,1,12,105,5,8.75,0,161
M0037,1,15,124,5,8.27,4,161
M0037,2,6,59,1,9.83,0,194
M0037,2,10,94,1,9.4,5,194
M0037,2,12,110,1,9.17,3,194
M0037,2,15,128,3,8.53,6,194
M0038,1,6,55,2,9.17,8,157
M0038,1,10,88,3,8.8,4,157
M0038,1,12,102,3,8.5,3,157
M0038,1,15,126,3,8.4,14,157
M0038,2,6,37,3,6.17,13,169
M0038,2,10,85,3,8.5,7,169
M0038,2,12,95,3,7.92,4,169
M0038,2,15,125,4,8.33,7,169
M0039,1,6,39,3,6.5,1,129
M0039,1,10,58,4,5.8,25,129
M0039,1,12,75,4,6.25,37,129
M0039,1,15,97,4,6.47,12,129
M0039,2,6,63,1,10.5,3,225
M0039,2,10,111,1,11.1,0,225
M0039,2,12,140,2,11.67,0,225
M0039,2,15,171,2,11.4,2,225
M0040,1,6,50,0,8.33,0,193
M0040,1,10,84,1,8.4,8,193
M0040,1,12,106,1,8.83,3,193
M0040,1,15,134,2,8.93,4,193
M0040,2,6,48,2,8.0,6,164
M0040,2,10,77,3,7.7,7,164
M0040,2,12,101,3,8.42,6,164
M0040,2,15,127,4,8.47,0,164
M0041,1,6,50,0,8.33,4,127
M0041,1,10,70,2,7.0,3,127
M0041,1,12,89,4,7.42,4,127
M0041,1,15,104,5,6.93,8,127
M0041,2,6,60,1,10.0,0,161
M0041,2,10,96,2,9.6,5,161
M0041,2,12,113,5,9.42,3,161
M0041,2,15,126,6,8.4,21,161
M0042,1,6,51,4,8.5,0,179
M0042,1,10,82,4,8.2,18,179
M0042,1,12,103,4,8.58,2,179
M0042,1,15,130,6,8.67,4,179
M0042,2,6,52,2,8.67,15,164
M0042,2,10,77,3,7.7,3,164
M0042,2,12,97,3,8.08,4,164
M0042,2,15,115,4,7.67,2,164
M0043,1,6,53,3,8.83,4,184
M0043,1,10,98,4,9.8,2,184
M0043,1,12,122,5,10.17,3,184
M0043,1,15,158,8,10.53,0,184
M0043,2,6,58,2,9.67,8,173
M0043,2,10,89,2,8.9,0,173
M0043,2,12,106,3,8.83,3,173
M0043,2,15,139,3,9.27,3,173
M0044,1,6,49,2,8.17,9,140
M0044,1,10,77,5,7.7,1,140
M0044,1,12,88,6,7.33,5,140
M0044,1,15,114,7,7.6,3,140
M0044,2,6,56,3,9.33,0,193
M0044,2,10,79,3,7.9,1,193
M0044,2,12,93,3,7.75,0,193
M0044,2,15,116,3,7.73,7,193
M0045,1,6,45,0,7.5,2,150
M0045,1,10,77,3,7.7,2,150
M0045,1,12,82,3,6.83,8,150
M0045,1,15,108,5,7.2,2,150
M0045,2,6,54,2,9.0,0,171
M0045,2,10,90,2,9.0,6,171
M0045,2,12,109,3,9.08,0,171
M0045,2,15,140,4,9.33,1,171
M0046,1,6,47,3,7.83,5,147
M0046,1,10,75,5,7.5,0,147
M0046,1,12,88,6,7.33,5,147
M0046,1,15,109,6,7.27,16,147
M0046,2,6,64,1,10.67,0,197
M0046,2,10,107,1,10.7,0,197
M0046,2,12,127,2,10.58,2,197
M0046,2,15,145,2,9.67,6,197
M0047,1,6,53,1,8.83,7,131
M0047,1,10,91,7,9.1,4,131
M0047,1,12,98,7,8.17,16,131
M0047,1,15,117,8,7.8,6,131
M0047,2,6,64,4,10.67,0,136
M0047,2,10,98,7,9.8,0,136
M0047,2,12,106,8,8.83,4,136
M0047,2,15,128,9,8.53,0,136
M0048,1,6,44,2,7.33,6,153
M0048,1,10,92,2,9.2,7,153
M0048,1,12,105,3,8.75,3,153
M0048,1,15,128,5,8.53,10,153
M0048,2,6,42,5,7.0,2,90
M0048,2,10,58,8,5.8,19,90
M0048,2,12,76,8,6.33,1,90
M0049,1,6,71,1,11.83,2,211
M0049,1,10,116,1,11.6,0,211
M0049,1,12,136,1,11.33,6,211
M0049,1,15,159,2,10.6,2,211
M0049,2,6,50,3,8.33,11,150
M0049,2,10,87,4,8.7,5,150
M0049,2,12,105,4,8.75,3,150
M0049,2,15,128,4,8.53,2,150
M0050,1,6,70,0,11.67,0,194
M0050,1,10,98,0,9.8,10,194
M0050,1,12,112,1,9.33,5,194
M0050,1,15,140,1,9.33,3,194
M0050,2,6,48,0,8.0,4,177
M0050,2,10,76,3,7.6,12,177
M0050,2,12,102,3,8.5,2,177
M0050,2,15,125,4,8.33,3,177
M0051,1,6,16,5,2.67,36,135
M0051,1,10,66,5,6.6,1,135
M0051,1,12,79,6,6.58,6,135
M0051,1,15,96,7,6.4,16,135
M0051,2,6,57,2,9.5,3,190
M0051,2,10,94,4,9.4,1,190
M0051,2,12,107,4,8.92,3,190
M0051,2,15,144,5,9.6,6,190
M0052,1,6,49,3,8.17,3,175
M0052,1,10,86,5,8.6,13,175
M0052,1,12,92,5,7.67,25,175
M0052,1,15,112,5,7.47,6,175
M0052,2,6,56,1,9.33,2,165
M0052,2,10,96,3,9.6,1,165
M0052,2,12,108,3,9.0,10,165
M0052,2,15,121,3,8.07,5,165
M0053,1,6,53,2,8.83,0,158
M0053,1,10,79,3,7.9,2,158
M0053,1,12,97,3,8.08,2,158
M0053,1,15,112,3,7.47,2,158
M0053,2,6,49,0,8.17,1,158
M0053,2,10,92,2,9.2,5,158
M0053,2,12,104,3,8.67,2,158
M0053,2,15,121,3,8.07,11,158
M0054,1,6,33,0,5.5,1,189
M0054,1,10,82,1,8.2,1,189
M0054,1,12,104,1,8.67,2,189
M0054,1,15,145,1,9.67,2,189
M0054,2,6,52,3,8.67,6,146
M0054,2,10,85,6,8.5,7,146
M0054,2,12,96,6,8.0,10,146
M0054,2,15,117,8,7.8,9,146
M0055,1,6,67,2,11.17,4,193
M0055,1,10,97,4,9.7,9,193
M0055,1,12,113,4,9.42,5,193
M0055,1,15,139,4,9.27,0,193
M0055,2,6,51,2,8.5,0,174
M0055,2,10,80,3,8.0,10,174
M0055,2,12,90,3,7.5,3,174
M0055,2,15,120,3,8.0,2,174
M0056,1,6,52,3,8.67,16,133
M0056,1,10,79,4,7.9,7,133
M0056,1,12,85,5,7.08,19,133
M0056,1,15,110,7,7.33,10,133
M0056,2,6,71,0,11.83,4,201
M0056,2,10,116,1,11.6,0,201
M0056,2,12,137,2,11.42,2,201
M0056,2,15,156,3,10.4,2,201
M0057,1,6,54,2,9.0,4,142
M0057,1,10,82,4,8.2,4,142
M0057,1,12,90,4,7.5,7,142
M0057,1,15,108,4,7.2,0,142
M0057,2,6,41,2,6.83,7,161
M0057,2,10,73,3,7.3,20,161
M0057,2,12,95,3,7.92,6,161
M0057,2,15,124,5,8.27,2,161
M0058,1,6,45,1,7.5,0,175
M0058,1,10,80,1,8.0,2,175
M0058,1,12,101,2,8.42,0,175
M0058,1,15,127,2,8.47,3,175
M0058,2,6,35,3,5.83,2,115
M0058,2,10,47,4,4.7,22,115
M0058,2,12,65,4,5.42,8,115
M0058,2,15,88,7,5.87,2,115
M0059,1,6,67,0,11.17,6,207
M0059,1,10,120,0,12.0,0,207
M0059,1,12,138,0,11.5,5,207
M0059,1,15,163,1,10.87,0,207
M0059,2,6,41,1,6.83,10,162
M0059,2,10,74,2,7.4,3,162
M0059,2,12,95,2,7.92,2,162
M0059,2,15,124,5,8.27,0,162
M0060,1,6,62,2,10.33,0,167
M0060,1,10,90,5,9.0,4,167
M0060,1,12,101,5,8.42,3,167
M0060,1,15,118,6,7.87,4,167
M0060,2,6,59,2,9.83,0,149
M0060,2,10,84,3,8.4,8,149
M0060,2,12,93,3,7.75,20,149
M0060,2,15,109,4,7.27,0,149
M0061,1,6,46,2,7.67,6,115
M0061,1,10,72,3,7.2,13,115
M0061,1,12,80,4,6.67,25,115
M0061,1,15,91,6,6.07,43,115
M0061,2,6,34,3,5.67,9,144
M0061,2,10,67,4,6.7,3,144
M0061,2,12,84,4,7.0,2,144
M0061,2,15,101,5,6.73,11,144
M0062,1,6,48,4,8.0,4,159
M0062,1,10,73,4,7.3,3,159
M0062,1,12,90,4,7.5,6,159
M0062,1,15,113,4,7.53,1,159
M0062,2,6,61,2,10.17,1,162
M0062,2,10,85,2,8.5,23,162
M0062,2,12,107,2,8.92,1,162
M0062,2,15,126,2,8.4,17,162
M0063,1,6,70,2,11.67,4,194
M0063,1,10,111,3,11.1,0,194
M0063,1,12,117,3,9.75,4,194
M0063,1,15,148,4,9.87,1,194
M0063,2,6,49,0,8.17,6,196
M0063,2,10,91,0,9.1,0,196
M0063,2,12,109,0,9.08,2,196
M0063,2,15,152,0,10.13,2,196
M0064,1,6,52,0,8.67,3,155
M0064,1,10,67,0,6.7,9,155
M0064,1,12,83,1,6.92,4,155
M0064,1,15,111,1,7.4,3,155
M0064,2,6,42,3,7.0,1,110
M0064,2,10,59,5,5.9,21,110
M0064,2,12,69,6,5.75,11,110
M0064,2,15,76,6,5.07,29,110
M0065,1,6,57,1,9.5,3,191
M0065,1,10,88,1,8.8,6,191
M0065,1,12,101,1,8.42,7,191
M0065,1,15,123,1,8.2,9,191
M0065,2,6,41,1,6.83,5,162
M0065,2,10,80,2,8.0,4,162
M0065,2,12,89,2,7.42,16,162
M0065,2,15,116,3,7.73,4,162
M0066,1,6,50,1,8.33,11,159
M0066,1,10,93,4,9.3,2,159
M0066,1,12,100,4,8.33,14,159
M0066,1,15,115,5,7.67,2,159
M0066,2,6,61,0,10.17,1,176
M0066,2,10,89,1,8.9,5,176
M0066,2,12,112,2,9.33,3,176
M0066,2,15,129,4,8.6,7,176
M0067,1,6,41,3,6.83,4,115
M0067,1,10,59,5,5.9,5,115
M0067,1,12,75,5,6.25,3,115
M0067,1,15,81,6,5.4,21,115
M0067,2,6,50,2,8.33,0,138
M0067,2,10,67,5,6.7,24,138
M0067,2,12,75,6,6.25,36,138
M0067,2,15,106,6,7.07,1,138
M0068,1,6,36,1,6.0,0,141
M0068,1,10,59,2,5.9,19,141
M0068,1,12,78,2,6.5,1,141
M0068,1,15,112,2,7.47,0,141
M0068,2,6,53,2,8.83,2,137
M0068,2,10,79,5,7.9,1,137
M0068,2,12,89,5,7.42,4,137
M0068,2,15,105,5,7.0,11,137
M0069,1,6,47,1,7.83,7,159
M0069,1,10,86,2,8.6,0,159
M0069,1,12,97,2,8.08,11,159
M0069,1,15,117,2,7.8,4,159
M0069,2,6,30,3,5.0,28,124
M0069,2,10,67,4,6.7,7,124
M0069,2,12,76,4,6.33,19,124
M0069,2,15,91,5,6.07,13,124
M0070,1,6,53,1,8.83,0,185
M0070,1,10,90,2,9.0,0,185
M0070,1,12,108,2,9.0,0,185
M0070,1,15,132,2,8.8,8,185
M0070,2,6,51,2,8.5,8,162
M0070,2,10,80,2,8.0,0,162
M0070,2,12,99,2,8.25,10,162
M0070,2,15,119,2,7.93,7,162
M0071,1,6,43,0,7.17,8,159
M0071,1,10,82,1,8.2,1,159
M0071,1,12,89,1,7.42,11,159
M0071,1,15,113,1,7.53,7,159
M0071,2,6,46,0,7.67,4,133
M0071,2,10,63,5,6.3,28,133
M0071,2,12,74,6,6.17,0,133
M0071,2,15,96,6,6.4,1,133
M0072,1,6,70,0,11.67,1,199
M0072,1,10,99,1,9.9,3,199
M0072,1,12,115,1,9.58,6,199
M0072,1,15,144,1,9.6,1,199
M0072,2,6,70,3,11.67,5,173
M0072,2,10,103,4,10.3,4,173
M0072,2,12,118,5,9.83,10,173
M0072,2,15,139,6,9.27,3,173
M0073,1,6,36,3,6.0,12,167
M0073,1,10,81,6,8.1,3,167
M0073,1,12,91,6,7.58,6,167
M0073,1,15,124,6,8.27,12,167
M0073,2,6,42,1,7.0,8,134
M0073,2,10,72,3,7.2,3,134
M0073,2,12,83,3,6.92,6,134
M0073,2,15,100,4,6.67,2,134
M0074,1,6,50,1,8.33,3,175
M0074,1,10,83,2,8.3,0,175
M0074,1,12,99,2,8.25,3,175
M0074,1,15,126,2,8.4,1,175
M0074,2,6,53,0,8.83,5,156
M0074,2,10,91,1,9.1,0,156
M0074,2,12,108,1,9.0,3,156
M0074,2,15,123,4,8.2,17,156
M0075,1,6,46,1,7.67,0,163
M0075,1,10,80,1,8.0,5,163
M0075,1,12,99,2,8.25,4,163
M0075,1,15,131,2,8.73,4,163
M0075,2,6,38,5,6.33,6,136
M0075,2,10,59,6,5.9,4,136
M0075,2,12,70,7,5.83,1,136
M0075,2,15,91,7,6.07,16,136
M0076,1,6,39,4,6.5,0,97
M0076,1,10,70,7,7.0,8,97
M0076,1,12,88,8,7.33,3,97
M0076,2,6,48,2,8.0,9,159
M0076,2,10,82,3,8.2,13,159
M0076,2,12,105,5,8.75,2,159
M0076,2,15,119,5,7.93,11,159
M0077,1,6,67,0,11.17,1,241
M0077,1,10,117,2,11.7,3,241
M0077,1,12,137,2,11.42,6,241
M0077,1,15,171,2,11.4,1,241
M0077,2,6,55,0,9.17,6,188
M0077,2,10,86,1,8.6,1,188
M0077,2,12,104,1,8.67,3,188
M0077,2,15,125,1,8.33,4,188
M0078,1,6,45,2,7.5,5,140
M0078,1,10,76,5,7.6,10,140
M0078,1,12,93,5,7.75,4,140
M0078,1,15,118,5,7.87,1,140
M0078,2,6,55,0,9.17,0,201
M0078,2,10,104,0,10.4,7,201
M0078,2,12,119,0,9.92,7,201
M0078,2,15,143,0,9.53,10,201
M0079,1,6,55,6,9.17,7,129
M0079,1,10,81,6,8.1,5,129
M0079,1,12,91,7,7.58,10,129
M0079,1,15,105,8,7.0,0,129
M0079,2,6,57,1,9.5,0,183
M0079,2,10,98,2,9.8,9,183
M0079,2,12,112,2,9.33,0,183
M0079,2,15,130,3,8.67,14,183
M0080,1,6,57,2,9.5,1,181
M0080,1,10,89,2,8.9,9,181
M0080,1,12,102,2,8.5,3,181
M0080,1,15,132,2,8.8,1,181
M0080,2,6,41,1,6.83,2,156
M0080,2,10,76,2,7.6,3,156
M0080,2,12,84,2,7.0,15,156
M0080,2,15,112,2,7.47,5,156
M0081,1,6,33,0,5.5,4,145
M0081,1,10,79,4,7.9,1,145
M0081,1,12,86,5,7.17,13,145
M0081,1,15,105,5,7.0,8,145
M0081,2,6,43,2,7.17,8,150
M0081,2,10,74,2,7.4,0,150
M0081,2,12,85,3,7.08,2,150
M0081,2,15,107,3,7.13,7,150
M0082,1,6,51,1,8.5,4,170
M0082,1,10,85,1,8.5,0,170
M0082,1,12,102,1,8.5,4,170
M0082,1,15,118,3,7.87,13,170
M0082,2,6,45,1,7.5,1,134
M0082,2,10,72,4,7.2,2,134
M0082,2,12,82,4,6.83,5,134
M0082,2,15,94,5,6.27,3,134
M0083,1,6,64,1,10.67,3,185
M0083,1,10,99,1,9.9,0,185
M0083,1,12,118,2,9.83,1,185
M0083,1,15,140,3,9.33,13,185
M0083,2,6,64,1,10.67,5,218
M0083,2,10,120,1,12.0,2,218
M0083,2,12,141,1,11.75,5,218
M0083,2,15,180,2,12.0,5,218
M0084,1,6,41,1,6.83,2,167
M0084,1,10,72,1,7.2,4,167
M0084,1,12,89,1,7.42,8,167
M0084,1,15,110,1,7.33,12,167
M0084,2,6,45,1,7.5,5,158
M0084,2,10,90,3,9.0,1,158
M0084,2,12,107,3,8.92,1,158
M0084,2,15,123,5,8.2,8,158
M0085,1,6,55,2,9.17,1,151
M0085,1,10,94,3,9.4,6,151
M0085,1,12,102,4,8.5,18,151
M0085,1,15,123,4,8.2,5,151
M0085,2,6,62,0,10.33,1,199
M0085,2,10,103,2,10.3,2,199
M0085,2,12,126,2,10.5,0,199
M0085,2,15,158,3,10.53,0,199
M0086,1,6,46,3,7.67,8,150
M0086,1,10,69,5,6.9,0,150
M0086,1,12,83,6,6.92,0,150
M0086,1,15,103,6,6.87,6,150
M0086,2,6,59,0,9.83,2,172
M0086,2,10,103,1,10.3,1,172
M0086,2,12,121,4,10.08,4,172
M0086,2,15,137,6,9.13,5,172
M0087,1,6,44,1,7.33,4,154
M0087,1,10,75,3,7.5,5,154
M0087,1,12,84,3,7.0,11,154
M0087,1,15,106,4,7.07,10,154
M0087,2,6,59,0,9.83,2,189
M0087,2,10,97,0,9.7,12,189
M0087,2,12,108,1,9.0,0,189
M0087,2,15,133,2,8.87,10,189
M0088,1,6,54,1,9.0,12,157
M0088,1,10,82,3,8.2,1,157
M0088,1,12,96,4,8.0,5,157
M0088,1,15,120,5,8.0,7,157
M0088,2,6,54,1,9.0,0,181
M0088,2,10,100,3,10.0,3,181
M0088,2,12,113,3,9.42,8,181
M0088,2,15,146,4,9.73,2,181
M0089,1,6,44,1,7.33,18,152
M0089,1,10,84,2,8.4,5,152
M0089,1,12,99,3,8.25,0,152
M0089,1,15,121,4,8.07,15,152
M0089,2,6,50,1,8.33,6,162
M0089,2,10,89,1,8.9,2,162
M0089,2,12,102,1,8.5,5,162
M0089,2,15,119,3,7.93,6,162
M0090,1,6,44,2,7.33,0,162
M0090,1,10,87,3,8.7,1,162
M0090,1,12,97,3,8.08,0,162
M0090,1,15,116,3,7.73,13,162
M0090,2,6,50,0,8.33,5,148
M0090,2,10,78,2,7.8,9,148
M0090,2,12,90,3,7.5,2,148
M0090,2,15,109,4,7.27,5,148
M0091,1,6,57,2,9.5,8,169
M0091,1,10,88,3,8.8,5,169
M0091,1,12,101,3,8.42,0,169
M0091,1,15,122,3,8.13,2,169
M0091,2,6,80,1,13.33,3,171
M0091,2,10,103,3,10.3,7,171
M0091,2,12,122,4,10.17,6,171
M0091,2,15,135,4,9.0,10,171
M0092,1,6,45,1,7.5,3,162
M0092,1,10,76,1,7.6,9,162
M0092,1,12,95,4,7.92,6,162
M0092,1,15,112,4,7.47,0,162
M0092,2,6,70,2,11.67,0,200
M0092,2,10,110,2,11.0,3,200
M0092,2,12,129,2,10.75,3,200
M0092,2,15,168,2,11.2,0,200
M0093,1,6,58,1,9.67,12,145
M0093,1,10,87,2,8.7,1,145
M0093,1,12,101,2,8.42,2,145
M0093,1,15,113,4,7.53,3,145
M0093,2,6,61,1,10.17,4,192
M0093,2,10,106,2,10.6,3,192
M0093,2,12,115,2,9.58,9,192
M0093,2,15,138,4,9.2,14,192
M0094,1,6,50,1,8.33,4,176
M0094,1,10,87,2,8.7,2,176
M0094,1,12,113,3,9.42,2,176
M0094,1,15,141,3,9.4,4,176
M0094,2,6,50,2,8.33,1,170
M0094,2,10,91,2,9.1,0,170
M0094,2,12,108,2,9.0,5,170
M0094,2,15,143,3,9.53,0,170
M0095,1,6,32,0,5.33,1,154
M0095,1,10,67,1,6.7,1,154
M0095,1,12,84,2,7.0,0,154
M0095,1,15,106,2,7.07,4,154
M0095,2,6,42,0,7.0,9,151
M0095,2,10,74,2,7.4,6,151
M0095,2,12,97,2,8.08,1,151
M0095,2,15,115,3,7.67,17,151
M0096,1,6,52,2,8.67,10,191
M0096,1,10,80,3,8.0,13,191
M0096,1,12,97,3,8.08,8,191
M0096,1,15,137,3,9.13,1,191
M0096,2,6,44,2,7.33,4,146
M0096,2,10,84,2,8.4,6,146
M0096,2,12,95,3,7.92,10,146
M0096,2,15,113,6,7.53,9,146
M0097,1,6,38,4,6.33,19,114
M0097,1,10,53,6,5.3,43,114
M0097,1,12,68,6,5.67,9,114
M0097,1,15,90,7,6.0,2,114
M0097,2,6,52,2,8.67,7,152
M0097,2,10,85,2,8.5,12,152
M0097,2,12,94,3,7.83,24,152
M0097,2,15,119,4,7.93,11,152
M0098,1,6,49,1,8.17,5,155
M0098,1,10,85,2,8.5,3,155
M0098,1,12,104,3,8.67,4,155
M0098,1,15,133,5,8.87,7,155
M0098,2,6,59,1,9.83,1,190
M0098,2,10,94,2,9.4,0,190
M0098,2,12,107,2,8.92,1,190
M0098,2,15,134,2,8.93,2,190
M0099,1,6,63,1,10.5,3,160
M0099,1,10,98,2,9.8,6,160
M0099,1,12,107,5,8.92,18,160
M0099,1,15,140,6,9.33,1,160
M0099,2,6,32,3,5.33,13,148
M0099,2,10,72,4,7.2,1,148
M0099,2,12,87,4,7.25,8,148
M0099,2,15,110,5,7.33,14,148
M0100,1,6,64,3,10.67,2,197
M0100,1,10,95,3,9.5,5,197
M0100,1,12,129,3,10.75,0,197
M0100,1,15,156,3,10.4,1,197
M0100,2,6,73,1,12.17,0,224
M0100,2,10,109,2,10.9,1,224
M0100,2,12,123,2,10.25,8,224
M0100,2,15,153,2,10.2,7,224
M0101,1,6,44,1,7.33,4,169
M0101,1,10,85,3,8.5,1,169
M0101,1,12,110,3,9.17,1,169
M0101,1,15,128,3,8.53,17,169
M0101,2,6,37,1,6.17,3,156
M0101,2,10,71,2,7.1,3,156
M0101,2,12,94,2,7.83,0,156
M0101,2,15,121,3,8.07,0,156
M0102,1,6,46,2,7.67,5,145
M0102,1,10,68,4,6.8,11,145
M0102,1,12,80,4,6.67,9,145
M0102,1,15,90,4,6.0,27,145
M0102,2,6,31,5,5.17,1,109
M0102,2,10,48,6,4.8,12,109
M0102,2,12,65,6,5.42,4,109
M0102,2,15,95,8,6.33,0,109
M0103,1,6,68,1,11.33,0,166
M0103,1,10,105,1,10.5,0,166
M0103,1,12,121,2,10.08,0,166
M0103,1,15,137,3,9.13,8,166
M0103,2,6,67,1,11.17,0,156
M0103,2,10,90,3,9.0,21,156
M0103,2,12,104,3,8.67,3,156
M0103,2,15,125,3,8.33,3,156
M0104,1,6,42,1,7.0,0,152
M0104,1,10,72,1,7.2,8,152
M0104,1,12,96,2,8.0,5,152
M0104,1,15,122,4,8.13,2,152
M0104,2,6,56,0,9.33,8,151
M0104,2,10,77,1,7.7,5,151
M0104,2,12,88,3,7.33,17,151
M0104,2,15,106,4,7.07,15,151
M0105,1,6,61,1,10.17,1,199
M0105,1,10,102,1,10.2,5,199
M0105,1,12,120,3,10.0,7,199
M0105,1,15,162,3,10.8,2,199
M0105,2,6,31,0,5.17,9,154
M0105,2,10,67,0,6.7,2,154
M0105,2,12,80,2,6.67,1,154
M0105,2,15,102,4,6.8,0,154
M0106,1,6,53,2,8.83,5,154
M0106,1,10,93,2,9.3,0,154
M0106,1,12,106,3,8.83,3,154
M0106,1,15,123,7,8.2,2,154
M0106,2,6,58,1,9.67,0,217
M0106,2,10,101,2,10.1,0,217
M0106,2,12,138,2,11.5,0,217
M0106,2,15,169,2,11.27,1,217
M0107,1,6,73,1,12.17,0,202
M0107,1,10,109,1,10.9,1,202
M0107,1,12,126,3,10.5,1,202
M0107,1,15,167,4,11.13,4,202
M0107,2,6,49,1,8.17,3,168
M0107,2,10,90,2,9.0,1,168
M0107,2,12,112,2,9.33,2,168
M0107,2,15,119,3,7.93,20,168
M0108,1,6,51,2,8.5,3,128
M0108,1,10,72,4,7.2,21,128
M0108,1,12,87,4,7.25,5,128
M0108,1,15,103,4,6.87,11,128
M0108,2,6,45,0,7.5,19,155
M0108,2,10,74,1,7.4,3,155
M0108,2,12,78,1,6.5,15,155
M0108,2,15,95,1,6.33,6,155
M0109,1,6,57,1,9.5,8,158
M0109,1,10,80,3,8.0,2,158
M0109,1,12,101,6,8.42,2,158
M0109,1,15,119,6,7.93,1,158
M0109,2,6,55,2,9.17,4,199
M0109,2,10,91,2,9.1,3,199
M0109,2,12,119,3,9.92,3,199
M0109,2,15,153,6,10.2,8,199
M0110,1,6,47,0,7.83,11,164
M0110,1,10,86,0,8.6,11,164
M0110,1,12,101,0,8.42,23,164
M0110,1,15,128,1,8.53,0,164
M0110,2,6,45,0,7.5,0,165
M0110,2,10,80,1,8.0,6,165
M0110,2,12,95,2,7.92,7,165
M0110,2,15,117,3,7.8,10,165
M0111,1,6,39,2,6.5,14,158
M0111,1,10,75,3,7.5,11,158
M0111,1,12,97,4,8.08,5,158
M0111,1,15,120,6,8.0,8,158
M0111,2,6,61,4,10.17,2,169
M0111,2,10,93,5,9.3,4,169
M0111,2,12,117,6,9.75,2,169
M0111,2,15,133,8,8.87,10,169
M0112,1,6,54,2,9.0,18,179
M0112,1,10,79,2,7.9,12,179
M0112,1,12,95,2,7.92,2,179
M0112,1,15,131,2,8.73,4,179
M0112,2,6,50,2,8.33,5,133
M0112,2,10,82,4,8.2,3,133
M0112,2,12,92,4,7.67,4,133
M0112,2,15,113,6,7.53,9,133
M0113,1,6,67,1,11.17,1,181
M0113,1,10,102,2,10.2,4,181
M0113,1,12,111,4,9.25,10,181
M0113,1,15,140,5,9.33,6,181
M0113,2,6,51,1,8.5,2,135
M0113,2,10,73,4,7.3,17,135
M0113,2,12,90,5,7.5,5,135
M0113,2,15,102,7,6.8,1,135
M0114,1,6,68,2,11.33,0,181
M0114,1,10,99,2,9.9,5,181
M0114,1,12,106,3,8.83,17,181
M0114,1,15,122,4,8.13,6,181
M0114,2,6,43,3,7.17,5,147
M0114,2,10,75,5,7.5,5,147
M0114,2,12,90,5,7.5,8,147
M0114,2,15,102,5,6.8,4,147
M0115,1,6,40,3,6.67,13,150
M0115,1,10,77,4,7.7,1,150
M0115,1,12,97,5,8.08,2,150
M0115,1,15,120,5,8.0,20,150
M0115,2,6,71,2,11.83,0,198
M0115,2,10,94,4,9.4,0,198
M0115,2,12,121,4,10.08,1,198
M0115,2,15,158,6,10.53,0,198
M0116,1,6,37,3,6.17,7,145
M0116,1,10,80,5,8.0,10,145
M0116,1,12,93,5,7.75,2,145
M0116,1,15,108,5,7.2,8,145
M0116,2,6,47,3,7.83,3,137
M0116,2,10,71,4,7.1,1,137
M0116,2,12,78,4,6.5,13,137
M0116,2,15,103,6,6.87,0,137
M0117,1,6,48,1,8.0,9,130
M0117,1,10,72,4,7.2,7,130
M0117,1,12,80,4,6.67,19,130
M0117,1,15,100,6,6.67,2,130
M0117,2,6,50,1,8.33,9,149
M0117,2,10,73,2,7.3,14,149
M0117,2,12,90,2,7.5,26,149
M0117,2,15,113,2,7.53,11,149
M0118,1,6,43,2,7.17,10,149
M0118,1,10,76,3,7.6,17,149
M0118,1,12,100,3,8.33,3,149
M0118,1,15,118,5,7.87,21,149
M0118,2,6,53,3,8.83,5,153
M0118,2,10,78,5,7.8,17,153
M0118,2,12,88,6,7.33,3,153
M0118,2,15,108,6,7.2,4,153
M0119,1,6,55,0,9.17,5,158
M0119,1,10,85,2,8.5,0,158
M0119,1,12,105,3,8.75,6,158
M0119,1,15,133,4,8.87,4,158
M0119,2,6,52,0,8.67,5,149
M0119,2,10,78,3,7.8,22,149
M0119,2,12,93,3,7.75,2,149
M0119,2,15,122,4,8.13,7,149
M0120,1,6,44,2,7.33,4,109
M0120,1,10,70,4,7.0,3,109
M0120,1,12,77,6,6.42,15,109
M0120,1,15,95,7,6.33,33,109
M0120,2,6,30,1,5.0,10,138
M0120,2,10,66,2,6.6,5,138
M0120,2,12,82,2,6.83,2,138
M0120,2,15,99,3,6.6,0,138
M0121,1,6,49,2,8.17,4,189
M0121,1,10,81,3,8.1,5,189
M0121,1,12,115,4,9.58,3,189
M0121,1,15,137,4,9.13,5,189
M0121,2,6,81,2,13.5,6,202
M0121,2,10,106,3,10.6,8,202
M0121,2,12,132,4,11.0,1,202
M0121,2,15,153,5,10.2,6,202
M0122,1,6,36,4,6.0,13,160
M0122,1,10,67,5,6.7,12,160
M0122,1,12,80,5,6.67,3,160
M0122,1,15,117,7,7.8,0,160
M0122,2,6,63,2,10.5,7,193
M0122,2,10,92,2,9.2,2,193
M0122,2,12,123,2,10.25,0,193
M0122,2,15,147,5,9.8,6,193
M0123,1,6,65,0,10.83,1,168
M0123,1,10,101,3,10.1,4,168
M0123,1,12,110,3,9.17,16,168
M0123,1,15,138,5,9.2,0,168
M0123,2,6,32,2,5.33,2,126
M0123,2,10,69,4,6.9,0,126
M0123,2,12,78,5,6.5,9,126
M0123,2,15,90,6,6.0,27,126
M0124,1,6,62,2,10.33,2,162
M0124,1,10,85,2,8.5,13,162
M0124,1,12,102,2,8.5,0,162
M0124,1,15,125,3,8.33,5,162
M0124,2,6,46,0,7.67,7,164
M0124,2,10,90,0,9.0,4,164
M0124,2,12,108,0,9.0,0,164
M0124,2,15,134,0,8.93,1,164
M0125,1,6,43,2,7.17,1,143
M0125,1,10,72,3,7.2,2,143
M0125,1,12,85,3,7.08,2,143
M0125,1,15,112,4,7.47,5,143
M0125,2,6,44,0,7.33,3,156
M0125,2,10,78,0,7.8,2,156
M0125,2,12,102,0,8.5,1,156
M0125,2,15,125,0,8.33,2,156
M0126,1,6,67,1,11.17,2,168
M0126,1,10,93,2,9.3,16,168
M0126,1,12,110,2,9.17,5,168
M0126,1,15,127,2,8.47,5,168
M0126,2,6,52,6,8.67,2,153
M0126,2,10,89,6,8.9,2,153
M0126,2,12,110,6,9.17,0,153
M0126,2,15,121,7,8.07,18,153
M0127,1,6,55,0,9.17,4,204
M0127,1,10,93,1,9.3,0,204
M0127,1,12,124,2,10.33,0,204
M0127,1,15,158,3,10.53,2,204
M0127,2,6,54,7,9.0,0,127
M0127,2,10,76,7,7.6,14,127
M0127,2,12,95,7,7.92,0,127
M0128,1,6,85,1,14.17,0,206
M0128,1,10,110,2,11.0,9,206
M0128,1,12,127,2,10.58,8,206
M0128,1,15,156,2,10.4,1,206
M0128,2,6,44,3,7.33,11,147
M0128,2,10,67,4,6.7,8,147
M0128,2,12,88,4,7.33,1,147
M0128,2,15,121,6,8.07,7,147
M0129,1,6,67,1,11.17,0,248
M0129,1,10,119,3,11.9,0,248
M0129,1,12,139,3,11.58,5,248
M0129,1,15,171,4,11.4,1,248
M0129,2,6,56,1,9.33,1,166
M0129,2,10,94,1,9.4,0,166
M0129,2,12,116,2,9.67,2,166
M0129,2,15,130,2,8.67,5,166
M0130,1,6,63,1,10.5,0,169
M0130,1,10,87,1,8.7,11,169
M0130,1,12,99,1,8.25,4,169
M0130,1,15,122,2,8.13,15,169
M0130,2,6,43,0,7.17,2,179
M0130,2,10,72,2,7.2,0,179
M0130,2,12,86,2,7.17,1,179
M0130,2,15,116,3,7.73,3,179
M0131,1,6,59,1,9.83,1,159
M0131,1,10,85,2,8.5,6,159
M0131,1,12,101,2,8.42,3,159
M0131,1,15,126,3,8.4,1,159
M0131,2,6,55,1,9.17,3,147
M0131,2,10,75,3,7.5,11,147
M0131,2,12,87,3,7.25,5,147
M0131,2,15,104,4,6.93,5,147
M0132,1,6,36,2,6.0,14,131
M0132,1,10,66,3,6.6,11,131
M0132,1,12,78,3,6.5,3,131
M0132,1,15,100,3,6.67,6,131
M0132,2,6,43,1,7.17,4,177
M0132,2,10,84,1,8.4,0,177
M0132,2,12,94,2,7.83,4,177
M0132,2,15,115,4,7.67,13,177
M0133,1,6,69,5,11.5,0,151
M0133,1,10,92,6,9.2,0,151
M0133,1,12,102,6,8.5,2,151
M0133,1,15,133,7,8.87,0,151
M0133,2,6,53,0,8.83,3,177
M0133,2,10,81,2,8.1,6,177
M0133,2,12,98,2,8.17,6,177
M0133,2,15,134,3,8.93,3,177
M0134,1,6,66,2,11.0,0,163
M0134,1,10,89,3,8.9,7,163
M0134,1,12,102,3,8.5,1,163
M0134,1,15,119,3,7.93,19,163
M0134,2,6,45,3,7.5,8,146
M0134,2,10,73,3,7.3,7,146
M0134,2,12,91,5,7.58,7,146
M0134,2,15,116,5,7.73,4,146
M0135,1,6,53,2,8.83,1,182
M0135,1,10,97,4,9.7,1,182
M0135,1,12,108,5,9.0,6,182
M0135,1,15,146,6,9.73,8,182
M0135,2,6,56,2,9.33,0,160
M0135,2,10,92,4,9.2,4,160
M0135,2,12,102,4,8.5,8,160
M0135,2,15,113,4,7.53,26,160
M0136,1,6,48,2,8.0,2,168
M0136,1,10,90,4,9.0,1,168
M0136,1,12,111,4,9.25,4,168
M0136,1,15,125,5,8.33,22,168
M0136,2,6,57,0,9.5,0,171
M0136,2,10,100,1,10.0,1,171
M0136,2,12,106,1,8.83,13,171
M0136,2,15,129,1,8.6,1,171
M0137,1,6,33,2,5.5,22,139
M0137,1,10,61,3,6.1,6,139
M0137,1,12,71,4,5.92,18,139
M0137,1,15,94,5,6.27,2,139
M0137,2,6,49,2,8.17,8,148
M0137,2,10,78,4,7.8,11,148
M0137,2,12,91,5,7.58,23,148
M0137,2,15,101,6,6.73,41,148
M0138,1,6,55,0,9.17,7,172
M0138,1,10,103,2,10.3,0,172
M0138,1,12,112,2,9.33,10,172
M0138,1,15,137,2,9.13,3,172
M0138,2,6,34,6,5.67,24,109
M0138,2,10,53,7,5.3,12,109
M0138,2,12,72,7,6.0,2,109
M0138,2,15,84,8,5.6,20,109
M0139,1,6,70,0,11.67,0,180
M0139,1,10,107,1,10.7,0,180
M0139,1,12,117,2,9.75,2,180
M0139,1,15,138,3,9.2,4,180
M0139,2,6,74,1,12.33,1,194
M0139,2,10,108,2,10.8,0,194
M0139,2,12,120,2,10.0,0,194
M0139,2,15,135,2,9.0,17,194
M0140,1,6,66,1,11.0,1,173
M0140,1,10,106,1,10.6,5,173
M0140,1,12,121,2,10.08,0,173
M0140,1,15,144,2,9.6,3,173
M0140,2,6,48,1,8.0,0,206
M0140,2,10,89,2,8.9,7,206
M0140,2,12,114,3,9.5,7,206
M0140,2,15,141,4,9.4,6,206
M0141,1,6,58,1,9.67,1,196
M0141,1,10,105,2,10.5,3,196
M0141,1,12,118,3,9.83,15,196
M0141,1,15,151,5,10.07,3,196
M0141,2,6,72,1,12.0,0,182
M0141,2,10,101,1,10.1,1,182
M0141,2,12,122,1,10.17,2,182
M0141,2,15,142,2,9.47,2,182
M0142,1,6,82,3,13.67,1,169
M0142,1,10,110,6,11.0,9,169
M0142,1,12,126,6,10.5,7,169
M0142,1,15,137,7,9.13,25,169
M0142,2,6,55,0,9.17,3,185
M0142,2,10,94,1,9.4,1,185
M0142,2,12,111,1,9.25,4,185
M0142,2,15,132,1,8.8,9,185
M0143,1,6,58,2,9.67,4,170
M0143,1,10,83,3,8.3,3,170
M0143,1,12,100,3,8.33,7,170
M0143,1,15,143,6,9.53,1,170
M0143,2,6,66,2,11.0,7,193
M0143,2,10,110,4,11.0,2,193
M0143,2,12,128,4,10.67,0,193
M0143,2,15,156,5,10.4,1,193
M0144,1,6,49,1,8.17,3,189
M0144,1,10,93,2,9.3,2,189
M0144,1,12,121,2,10.08,2,189
M0144,1,15,130,2,8.67,20,189
M0144,2,6,59,0,9.83,3,199
M0144,2,10,88,0,8.8,10,199
M0144,2,12,116,0,9.67,0,199
M0144,2,15,147,0,9.8,8,199
M0145,1,6,31,2,5.17,3,161
M0145,1,10,71,3,7.1,10,161
M0145,1,12,82,3,6.83,9,161
M0145,1,15,121,3,8.07,2,161
M0145,2,6,60,0,10.0,2,186
M0145,2,10,96,0,9.6,0,186
M0145,2,12,116,1,9.67,10,186
M0145,2,15,154,2,10.27,3,186
M0146,1,6,54,0,9.0,3,149
M0146,1,10,81,0,8.1,13,149
M0146,1,12,99,1,8.25,0,149
M0146,1,15,119,2,7.93,4,149
M0146,2,6,45,4,7.5,4,112
M0146,2,10,83,5,8.3,7,112
M0146,2,12,88,5,7.33,19,112
M0146,2,15,104,8,6.93,8,112
M0147,1,6,39,1,6.5,3,172
M0147,1,10,76,1,7.6,4,172
M0147,1,12,94,2,7.83,2,172
M0147,1,15,126,4,8.4,0,172
M0147,2,6,68,1,11.33,6,191
M0147,2,10,111,3,11.1,2,191
M0147,2,12,123,4,10.25,6,191
M0147,2,15,136,4,9.07,24,191
M0148,1,6,48,3,8.0,2,158
M0148,1,10,79,5,7.9,3,158
M0148,1,12,98,5,8.17,1,158
M0148,1,15,123,7,8.2,0,158
M0148,2,6,60,1,10.0,0,183
M0148,2,10,96,1,9.6,1,183
M0148,2,12,114,2,9.5,5,183
M0148,2,15,135,3,9.0,4,183
M0149,1,6,55,2,9.17,7,150
M0149,1,10,84,3,8.4,1,150
M0149,1,12,93,4,7.75,11,150
M0149,1,15,112,4,7.47,5,150
M0149,2,6,32,4,5.33,12,115
M0149,2,10,56,5,5.6,12,115
M0149,2,12,70,7,5.83,11,115
M0149,2,15,82,8,5.47,29,115
M0150,1,6,62,1,10.33,9,156
M0150,1,10,89,1,8.9,11,156
M0150,1,12,103,3,8.58,3,156
M0150,1,15,131,3,8.73,1,156
M0150,2,6,39,3,6.5,36,145
M0150,2,10,64,3,6.4,0,145
M0150,2,12,78,3,6.5,12,145
M0150,2,15,109,5,7.27,6,145
M0151,1,6,37,3,6.17,6,155
M0151,1,10,71,3,7.1,10,155
M0151,1,12,89,4,7.42,0,155
M0151,1,15,100,5,6.67,18,155
M0151,2,6,50,2,8.33,11,150
M0151,2,10,71,3,7.1,12,150
M0151,2,12,97,4,8.08,3,150
M0151,2,15,107,4,7.13,21,150
M0152,1,6,52,1,8.67,10,173
M0152,1,10,83,3,8.3,0,173
M0152,1,12,108,4,9.0,0,173
M0152,1,15,133,5,8.87,0,173
M0152,2,6,47,1,7.83,3,165
M0152,2,10,81,2,8.1,1,165
M0152,2,12,95,2,7.92,7,165
M0152,2,15,121,3,8.07,1,165
M0153,1,6,46,2,7.67,2,153
M0153,1,10,64,3,6.4,26,153
M0153,1,12,88,3,7.33,0,153
M0153,1,15,111,3,7.4,1,153
M0153,2,6,47,3,7.83,4,148
M0153,2,10,70,4,7.0,8,148
M0153,2,12,80,4,6.67,1,148
M0153,2,15,100,5,6.67,5,148
M0154,1,6,73,0,12.17,4,183
M0154,1,10,98,0,9.8,0,183
M0154,1,12,111,0,9.25,12,183
M0154,1,15,138,0,9.2,0,183
M0154,2,6,52,2,8.67,2,178
M0154,2,10,83,2,8.3,6,178
M0154,2,12,98,2,8.17,1,178
M0154,2,15,122,3,8.13,1,178
M0155,1,6,52,1,8.67,3,174
M0155,1,10,85,1,8.5,3,174
M0155,1,12,109,2,9.08,3,174
M0155,1,15,133,4,8.87,5,174
M0155,2,6,42,3,7.0,0,171
M0155,2,10,72,3,7.2,5,171
M0155,2,12,92,5,7.67,5,171
M0155,2,15,108,5,7.2,3,171
M0156,1,6,61,1,10.17,5,144
M0156,1,10,82,3,8.2,8,144
M0156,1,12,102,4,8.5,1,144
M0156,1,15,124,5,8.27,10,144
M0156,2,6,32,1,5.33,7,126
M0156,2,10,69,4,6.9,0,126
M0156,2,12,80,5,6.67,1,126
M0156,2,15,98,5,6.53,16,126
M0157,1,6,46,1,7.67,27,183
M0157,1,10,93,2,9.3,3,183
M0157,1,12,108,4,9.0,6,183
M0157,1,15,133,5,8.87,3,183
M0157,2,6,52,0,8.67,15,152
M0157,2,10,79,5,7.9,3,152
M0157,2,12,89,5,7.42,3,152
M0157,2,15,117,5,7.8,3,152
M0158,1,6,57,0,9.5,0,163
M0158,1,10,91,0,9.1,10,163
M0158,1,12,97,0,8.08,5,163
M0158,1,15,109,1,7.27,16,163
M0158,2,6,63,0,10.5,0,174
M0158,2,10,101,0,10.1,1,174
M0158,2,12,113,1,9.42,3,174
M0158,2,15,132,3,8.8,10,174
M0159,1,6,37,2,6.17,1,178
M0159,1,10,70,3,7.0,1,178
M0159,1,12,94,3,7.83,2,178
M0159,1,15,134,4,8.93,0,178
M0159,2,6,43,0,7.17,0,185
M0159,2,10,92,1,9.2,0,185
M0159,2,12,114,1,9.5,1,185
M0159,2,15,135,2,9.0,1,185
M0160,1,6,80,1,13.33,2,165
M0160,1,10,102,2,10.2,6,165
M0160,1,12,117,2,9.75,10,165
M0160,1,15,134,3,8.93,7,165
M0160,2,6,44,5,7.33,0,119
M0160,2,10,77,8,7.7,3,119
M0160,2,12,87,8,7.25,15,119
M0160,2,15,94,8,6.27,33,119
M0161,1,6,32,0,5.33,3,160
M0161,1,10,68,1,6.8,5,160
M0161,1,12,86,2,7.17,6,160
M0161,1,15,106,2,7.07,4,160
M0161,2,6,59,2,9.83,0,168
M0161,2,10,94,5,9.4,3,168
M0161,2,12,106,5,8.83,8,168
M0161,2,15,136,5,9.07,0,168
M0162,1,6,53,2,8.83,1,137
M0162,1,10,87,3,8.7,3,137
M0162,1,12,91,5,7.58,15,137
M0162,1,15,100,7,6.67,14,137
M0162,2,6,59,2,9.83,0,157
M0162,2,10,92,4,9.2,3,157
M0162,2,12,100,4,8.33,15,157
M0162,2,15,118,5,7.87,7,157
M0163,1,6,41,1,6.83,4,156
M0163,1,10,85,1,8.5,1,156
M0163,1,12,103,3,8.58,3,156
M0163,1,15,133,4,8.87,2,156
M0163,2,6,66,4,11.0,1,169
M0163,2,10,102,5,10.2,5,169
M0163,2,12,111,5,9.25,17,169
M0163,2,15,129,7,8.6,0,169
M0164,1,6,62,3,10.33,0,163
M0164,1,10,93,3,9.3,6,163
M0164,1,12,105,5,8.75,10,163
M0164,1,15,131,6,8.73,2,163
M0164,2,6,64,2,10.67,0,144
M0164,2,10,83,3,8.3,3,144
M0164,2,12,105,5,8.75,2,144
M0164,2,15,122,5,8.13,6,144
M0165,1,6,66,1,11.0,4,194
M0165,1,10,97,1,9.7,10,194
M0165,1,12,119,4,9.92,1,194
M0165,1,15,146,5,9.73,5,194
M0165,2,6,31,1,5.17,6,152
M0165,2,10,73,2,7.3,10,152
M0165,2,12,90,2,7.5,0,152
M0165,2,15,113,2,7.53,12,152
M0166,1,6,64,0,10.67,1,189
M0166,1,10,106,2,10.6,7,189
M0166,1,12,128,2,10.67,0,189
M0166,1,15,154,2,10.27,3,189
M0166,2,6,64,0,10.67,5,164
M0166,2,10,111,2,11.1,0,164
M0166,2,12,121,2,10.08,12,164
M0166,2,15,141,2,9.4,7,164
M0167,1,6,62,0,10.33,0,165
M0167,1,10,91,1,9.1,3,165
M0167,1,12,106,2,8.83,7,165
M0167,1,15,119,2,7.93,16,165
M0167,2,6,40,2,6.67,2,134
M0167,2,10,65,5,6.5,6,134
M0167,2,12,79,5,6.58,9,134
M0167,2,15,91,6,6.07,14,134
M0168,1,6,61,1,10.17,2,182
M0168,1,10,104,2,10.4,3,182
M0168,1,12,126,3,10.5,3,182
M0168,1,15,159,5,10.6,2,182
M0168,2,6,42,0,7.0,5,188
M0168,2,10,90,0,9.0,1,188
M0168,2,12,108,0,9.0,1,188
M0168,2,15,138,0,9.2,9,188
M0169,1,6,46,0,7.67,2,190
M0169,1,10,88,0,8.8,0,190
M0169,1,12,107,0,8.92,0,190
M0169,1,15,134,2,8.93,1,190
M0169,2,6,62,1,10.33,6,178
M0169,2,10,97,1,9.7,3,178
M0169,2,12,120,1,10.0,0,178
M0169,2,15,134,3,8.93,18,178
M0170,1,6,62,0,10.33,1,207
M0170,1,10,98,0,9.8,2,207
M0170,1,12,122,0,10.17,1,207
M0170,1,15,147,1,9.8,3,207
M0170,2,6,48,3,8.0,13,165
M0170,2,10,77,4,7.7,1,165
M0170,2,12,93,5,7.75,10,165
M0170,2,15,119,6,7.93,9,165
M0171,1,6,46,0,7.67,6,168
M0171,1,10,71,1,7.1,8,168
M0171,1,12,90,2,7.5,0,168
M0171,1,15,109,3,7.27,4,168
M0171,2,6,60,1,10.0,3,179
M0171,2,10,113,3,11.3,0,179
M0171,2,12,125,4,10.42,6,179
M0171,2,15,138,4,9.2,24,179
M0172,1,6,33,1,5.5,5,162
M0172,1,10,57,1,5.7,10,162
M0172,1,12,84,4,7.0,5,162
M0172,1,15,104,4,6.93,8,162
M0172,2,6,64,0,10.67,4,188
M0172,2,10,97,2,9.7,1,188
M0172,2,12,115,2,9.58,1,188
M0172,2,15,138,3,9.2,0,188
M0173,1,6,66,2,11.0,2,201
M0173,1,10,106,2,10.6,0,201
M0173,1,12,130,3,10.83,0,201
M0173,1,15,161,3,10.73,1,201
M0173,2,6,43,1,7.17,1,166
M0173,2,10,80,3,8.0,5,166
M0173,2,12,89,3,7.42,4,166
M0173,2,15,122,4,8.13,2,166
M0174,1,6,59,0,9.83,6,175
M0174,1,10,96,3,9.6,1,175
M0174,1,12,105,5,8.75,13,175
M0174,1,15,124,5,8.27,6,175
M0174,2,6,58,1,9.67,1,184
M0174,2,10,107,1,10.7,0,184
M0174,2,12,120,1,10.0,2,184
M0174,2,15,139,1,9.27,6,184
M0175,1,6,53,3,8.83,7,129
M0175,1,10,82,4,8.2,5,129
M0175,1,12,88,5,7.33,17,129
M0175,1,15,103,6,6.87,0,129
M0175,2,6,76,1,12.67,2,186
M0175,2,10,120,3,12.0,0,186
M0175,2,12,134,4,11.17,2,186
M0175,2,15,147,5,9.8,20,186
M0176,1,6,45,2,7.5,11,163
M0176,1,10,101,2,10.1,0,163
M0176,1,12,111,3,9.25,7,163
M0176,1,15,124,3,8.27,25,163
M0176,2,6,50,1,8.33,4,189
M0176,2,10,91,1,9.1,6,189
M0176,2,12,110,1,9.17,0,189
M0176,2,15,142,1,9.47,3,189
M0177,1,6,63,2,10.5,6,176
M0177,1,10,91,3,9.1,17,176
M0177,1,12,110,4,9.17,6,176
M0177,1,15,135,4,9.0,5,176
M0177,2,6,44,2,7.33,0,148
M0177,2,10,76,3,7.6,5,148
M0177,2,12,86,4,7.17,6,148
M0177,2,15,106,4,7.07,1,148
M0178,1,6,56,1,9.33,2,164
M0178,1,10,79,3,7.9,4,164
M0178,1,12,99,3,8.25,7,164
M0178,1,15,119,4,7.93,1,164
M0178,2,6,36,0,6.0,5,155
M0178,2,10,66,0,6.6,2,155
M0178,2,12,89,1,7.42,4,155
M0178,2,15,113,1,7.53,2,155
M0179,1,6,68,1,11.33,8,190
M0179,1,10,114,1,11.4,3,190
M0179,1,12,134,2,11.17,2,190
M0179,1,15,155,4,10.33,4,190
M0179,2,6,54,1,9.0,4,172
M0179,2,10,90,3,9.0,3,172
M0179,2,12,111,4,9.25,5,172
M0179,2,15,130,4,8.67,2,172
M0180,1,6,66,1,11.0,19,153
M0180,1,10,95,4,9.5,2,153
M0180,1,12,106,5,8.83,10,153
M0180,1,15,127,5,8.47,0,153
M0180,2,6,59,2,9.83,0,183
M0180,2,10,88,3,8.8,15,183
M0180,2,12,105,3,8.75,2,183
M0180,2,15,145,3,9.67,4,183
M0181,1,6,61,0,10.17,1,188
M0181,1,10,96,0,9.6,2,188
M0181,1,12,111,0,9.25,0,188
M0181,1,15,136,0,9.07,1,188
M0181,2,6,49,2,8.17,3,179
M0181,2,10,90,2,9.0,0,179
M0181,2,12,108,2,9.0,6,179
M0181,2,15,135,2,9.0,7,179
M0182,1,6,44,0,7.33,17,134
M0182,1,10,63,2,6.3,1,134
M0182,1,12,79,3,6.58,7,134
M0182,1,15,97,4,6.47,25,134
M0182,2,6,53,2,8.83,8,153
M0182,2,10,77,2,7.7,5,153
M0182,2,12,91,2,7.58,5,153
M0182,2,15,109,3,7.27,11,153
M0183,1,6,61,0,10.17,0,209
M0183,1,10,106,0,10.6,0,209
M0183,1,12,122,0,10.17,1,209
M0183,1,15,159,1,10.6,2,209
M0183,2,6,48,3,8.0,1,144
M0183,2,10,77,4,7.7,5,144
M0183,2,12,96,5,8.0,0,144
M0183,2,15,116,6,7.73,4,144
M0184,1,6,58,0,9.67,3,152
M0184,1,10,72,0,7.2,27,152
M0184,1,12,83,0,6.92,7,152
M0184,1,15,108,2,7.2,4,152
M0184,2,6,42,1,7.0,15,155
M0184,2,10,70,2,7.0,6,155
M0184,2,12,84,2,7.0,0,155
M0184,2,15,106,2,7.07,7,155
M0185,1,6,55,0,9.17,1,183
M0185,1,10,84,0,8.4,7,183
M0185,1,12,107,1,8.92,2,183
M0185,1,15,137,3,9.13,0,183
M0185,2,6,29,1,4.83,20,125
M0185,2,10,62,1,6.2,44,125
M0185,2,12,73,1,6.08,56,125
M0185,2,15,96,1,6.4,5,125
M0186,1,6,69,1,11.5,3,196
M0186,1,10,109,2,10.9,0,196
M0186,1,12,127,3,10.58,0,196
M0186,1,15,149,4,9.93,0,196
M0186,2,6,50,3,8.33,1,182
M0186,2,10,80,4,8.0,3,182
M0186,2,12,97,6,8.08,1,182
M0186,2,15,127,6,8.47,4,182
M0187,1,6,46,3,7.67,0,131
M0187,1,10,76,4,7.6,0,131
M0187,1,12,95,5,7.92,0,131
M0187,1,15,111,6,7.4,14,131
M0187,2,6,45,3,7.5,0,103
M0187,2,10,65,6,6.5,18,103
M0187,2,12,71,6,5.92,30,103
M0187,2,15,83,8,5.53,15,103
M0188,1,6,46,1,7.67,5,185
M0188,1,10,86,2,8.6,0,185
M0188,1,12,104,2,8.67,5,185
M0188,1,15,130,2,8.67,5,185
M0188,2,6,46,2,7.67,0,131
M0188,2,10,67,3,6.7,0,131
M0188,2,12,86,5,7.17,0,131
M0188,2,15,99,8,6.6,8,131
M0189,1,6,47,3,7.83,6,153
M0189,1,10,73,3,7.3,2,153
M0189,1,12,94,5,7.83,4,153
M0189,1,15,108,7,7.2,12,153
M0189,2,6,69,1,11.5,0,164
M0189,2,10,98,2,9.8,1,164
M0189,2,12,107,2,8.92,4,164
M0189,2,15,127,4,8.47,0,164
M0190,1,6,48,1,8.0,0,152
M0190,1,10,72,3,7.2,1,152
M0190,1,12,91,4,7.58,9,152
M0190,1,15,114,5,7.6,3,152
M0190,2,6,51,0,8.5,0,180
M0190,2,10,78,1,7.8,6,180
M0190,2,12,91,1,7.58,1,180
M0190,2,15,127,1,8.47,4,180
M0191,1,6,47,1,7.83,21,158
M0191,1,10,75,1,7.5,3,158
M0191,1,12,95,1,7.92,0,158
M0191,1,15,120,1,8.0,0,158
M0191,2,6,52,2,8.67,1,157
M0191,2,10,78,2,7.8,7,157
M0191,2,12,100,2,8.33,0,157
M0191,2,15,126,3,8.4,1,157
M0192,1,6,63,2,10.5,5,147
M0192,1,10,84,4,8.4,10,147
M0192,1,12,93,4,7.75,22,147
M0192,1,15,123,5,8.2,1,147
M0192,2,6,57,1,9.5,6,174
M0192,2,10,82,2,8.2,10,174
M0192,2,12,97,2,8.08,9,174
M0192,2,15,121,2,8.07,4,174
M0193,1,6,59,1,9.83,5,196
M0193,1,10,98,4,9.8,3,196
M0193,1,12,113,5,9.42,1,196
M0193,1,15,155,5,10.33,2,196
M0193,2,6,59,2,9.83,8,141
M0193,2,10,71,5,7.1,4,141
M0193,2,12,90,7,7.5,4,141
M0193,2,15,114,7,7.6,7,141
M0194,1,6,40,1,6.67,5,143
M0194,1,10,67,1,6.7,19,143
M0194,1,12,81,3,6.75,31,143
M0194,1,15,101,3,6.73,9,143
M0194,2,6,40,0,6.67,14,166
M0194,2,10,67,2,6.7,4,166
M0194,2,12,83,3,6.92,6,166
M0194,2,15,103,3,6.87,0,166
M0195,1,6,44,3,7.33,36,154
M0195,1,10,69,4,6.9,23,154
M0195,1,12,82,4,6.83,3,154
M0195,1,15,106,5,7.07,21,154
M0195,2,6,42,1,7.0,9,131
M0195,2,10,72,6,7.2,0,131
M0195,2,12,77,7,6.42,12,131
M0195,2,15,94,8,6.27,14,131
M0196,1,6,57,3,9.5,0,131
M0196,1,10,77,3,7.7,18,131
M0196,1,12,90,4,7.5,2,131
M0196,1,15,105,6,7.0,11,131
M0196,2,6,59,0,9.83,3,160
M0196,2,10,87,2,8.7,10,160
M0196,2,12,93,3,7.75,22,160
M0196,2,15,118,3,7.87,2,160
M0197,1,6,58,2,9.67,3,159
M0197,1,10,89,3,8.9,8,159
M0197,1,12,103,3,8.58,8,159
M0197,1,15,118,4,7.87,26,159
M0197,2,6,44,3,7.33,2,174
M0197,2,10,91,3,9.1,4,174
M0197,2,12,104,5,8.67,8,174
M0197,2,15,128,6,8.53,5,174
M0198,1,6,65,1,10.83,3,147
M0198,1,10,93,2,9.3,0,147
M0198,1,12,98,2,8.17,8,147
M0198,1,15,127,3,8.47,1,147
M0198,2,6,41,5,6.83,14,138
M0198,2,10,73,7,7.3,0,138
M0198,2,12,78,7,6.5,12,138
M0198,2,15,93,9,6.2,30,138
M0199,1,6,49,2,8.17,2,163
M0199,1,10,97,3,9.7,2,163
M0199,1,12,116,4,9.67,2,163
M0199,1,15,132,4,8.8,7,163
M0199,2,6,49,1,8.17,9,156
M0199,2,10,81,5,8.1,1,156
M0199,2,12,97,5,8.08,2,156
M0199,2,15,113,5,7.53,3,156
M0200,1,6,54,2,9.0,3,141
M0200,1,10,81,2,8.1,0,141
M0200,1,12,93,3,7.75,0,141
M0200,1,15,118,3,7.87,5,141
M0200,2,6,49,3,8.17,0,171
M0200,2,10,92,3,9.2,3,171
M0200,2,12,104,5,8.67,2,171
M0200,2,15,129,5,8.6,2,171
M0201,1,6,45,1,7.5,3,176
M0201,1,10,94,2,9.4,1,176
M0201,1,12,111,4,9.25,4,176
M0201,1,15,139,4,9.27,3,176
M0201,2,6,45,1,7.5,2,108
M0201,2,10,71,2,7.1,1,108
M0201,2,12,83,6,6.92,11,108
M0201,2,15,99,7,6.6,13,108
M0202,1,6,44,2,7.33,13,175
M0202,1,10,86,3,8.6,0,175
M0202,1,12,100,3,8.33,5,175
M0202,1,15,131,5,8.73,5,175
M0202,2,6,51,1,8.5,2,170
M0202,2,10,69,1,6.9,0,170
M0202,2,12,94,1,7.83,5,170
M0202,2,15,141,2,9.4,0,170
M0203,1,6,42,3,7.0,1,148
M0203,1,10,67,3,6.7,1,148
M0203,1,12,82,3,6.83,6,148
M0203,1,15,110,3,7.33,5,148
M0203,2,6,59,0,9.83,0,168
M0203,2,10,87,2,8.7,8,168
M0203,2,12,102,3,8.5,1,168
M0203,2,15,126,3,8.4,3,168
M0204,1,6,62,0,10.33,1,188
M0204,1,10,102,0,10.2,2,188
M0204,1,12,110,1,9.17,2,188
M0204,1,15,143,2,9.53,0,188
M0204,2,6,52,1,8.67,0,145
M0204,2,10,70,1,7.0,7,145
M0204,2,12,87,3,7.25,1,145
M0204,2,15,113,4,7.53,8,145
M0205,1,6,39,1,6.5,10,146
M0205,1,10,66,1,6.6,18,146
M0205,1,12,82,2,6.83,10,146
M0205,1,15,100,3,6.67,13,146
M0205,2,6,44,4,7.33,0,146
M0205,2,10,74,4,7.4,3,146
M0205,2,12,91,4,7.58,6,146
M0205,2,15,105,4,7.0,4,146
M0206,1,6,64,1,10.67,2,165
M0206,1,10,96,3,9.6,1,165
M0206,1,12,119,4,9.92,3,165
M0206,1,15,136,5,9.07,3,165
M0206,2,6,59,4,9.83,1,156
M0206,2,10,99,6,9.9,0,156
M0206,2,12,116,7,9.67,2,156
M0206,2,15,130,7,8.67,20,156
M0207,1,6,51,0,8.5,3,164
M0207,1,10,80,1,8.0,2,164
M0207,1,12,96,1,8.0,6,164
M0207,1,15,118,3,7.87,3,164
M0207,2,6,60,2,10.0,0,176
M0207,2,10,97,2,9.7,0,176
M0207,2,12,113,2,9.42,7,176
M0207,2,15,129,2,8.6,1,176
M0208,1,6,46,2,7.67,2,150
M0208,1,10,81,3,8.1,4,150
M0208,1,12,93,3,7.75,2,150
M0208,1,15,116,3,7.73,4,150
M0208,2,6,39,0,6.5,2,167
M0208,2,10,76,0,7.6,8,167
M0208,2,12,103,1,8.58,3,167
M0208,2,15,124,2,8.27,8,167
M0209,1,6,57,2,9.5,7,184
M0209,1,10,114,2,11.4,4,184
M0209,1,12,133,2,11.08,1,184
M0209,1,15,151,5,10.07,5,184
M0209,2,6,64,0,10.67,7,190
M0209,2,10,105,2,10.5,4,190
M0209,2,12,117,3,9.75,2,190
M0209,2,15,150,3,10.0,3,190
M0210,1,6,49,3,8.17,9,143
M0210,1,10,74,6,7.4,0,143
M0210,1,12,87,6,7.25,2,143
M0210,1,15,108,8,7.2,7,143
M0210,2,6,56,1,9.33,3,171
M0210,2,10,79,1,7.9,14,171
M0210,2,12,85,1,7.08,26,171
M0210,2,15,119,1,7.93,4,171
M0211,1,6,47,2,7.83,0,169
M0211,1,10,83,3,8.3,1,169
M0211,1,12,106,3,8.83,1,169
M0211,1,15,116,3,7.73,19,169
M0211,2,6,50,1,8.33,5,131
M0211,2,10,85,4,8.5,3,131
M0211,2,12,104,5,8.67,6,131
M0211,2,15,111,7,7.4,24,131
M0212,1,6,57,0,9.5,1,182
M0212,1,10,93,2,9.3,4,182
M0212,1,12,113,2,9.42,2,182
M0212,1,15,134,2,8.93,1,182
M0212,2,6,43,3,7.17,3,151
M0212,2,10,84,3,8.4,4,151
M0212,2,12,95,4,7.92,1,151
M0212,2,15,116,4,7.73,11,151
M0213,1,6,51,1,8.5,4,144
M0213,1,10,83,2,8.3,8,144
M0213,1,12,100,2,8.33,3,144
M0213,1,15,112,4,7.47,17,144
M0213,2,6,49,4,8.17,4,134
M0213,2,10,74,5,7.4,23,134
M0213,2,12,79,5,6.58,35,134
M0213,2,15,95,5,6.33,53,134
M0214,1,6,41,1,6.83,7,171
M0214,1,10,84,1,8.4,0,171
M0214,1,12,105,2,8.75,5,171
M0214,1,15,132,2,8.8,4,171
M0214,2,6,39,2,6.5,1,139
M0214,2,10,67,2,6.7,3,139
M0214,2,12,85,3,7.08,0,139
M0214,2,15,103,4,6.87,4,139
M0215,1,6,53,1,8.83,2,182
M0215,1,10,108,2,10.8,9,182
M0215,1,12,115,3,9.58,21,182
M0215,1,15,130,3,8.67,5,182
M0215,2,6,42,1,7.0,2,164
M0215,2,10,70,2,7.0,1,164
M0215,2,12,86,3,7.17,0,164
M0215,2,15,114,3,7.6,0,164
M0216,1,6,60,1,10.0,1,176
M0216,1,10,90,3,9.0,13,176
M0216,1,12,106,4,8.83,2,176
M0216,1,15,138,5,9.2,1,176
M0216,2,6,68,1,11.33,1,199
M0216,2,10,96,1,9.6,6,199
M0216,2,12,125,1,10.42,0,199
M0216,2,15,151,2,10.07,0,199
M0217,1,6,61,0,10.17,1,187
M0217,1,10,105,1,10.5,5,187
M0217,1,12,126,2,10.5,1,187
M0217,1,15,142,2,9.47,19,187
M0217,2,6,54,0,9.0,1,146
M0217,2,10,91,1,9.1,9,146
M0217,2,12,98,2,8.17,21,146
M0217,2,15,111,4,7.4,13,146
M0218,1,6,40,2,6.67,10,127
M0218,1,10,62,4,6.2,22,127
M0218,1,12,72,4,6.0,2,127
M0218,1,15,97,6,6.47,0,127
M0218,2,6,51,3,8.5,13,158
M0218,2,10,81,3,8.1,12,158
M0218,2,12,98,3,8.17,24,158
M0218,2,15,117,4,7.8,42,158
M0219,1,6,41,3,6.83,5,152
M0219,1,10,74,4,7.4,9,152
M0219,1,12,95,4,7.92,4,152
M0219,1,15,119,6,7.93,0,152
M0219,2,6,35,1,5.83,9,161
M0219,2,10,68,3,6.8,0,161
M0219,2,12,94,3,7.83,0,161
M0219,2,15,110,4,7.33,6,161
M0220,1,6,38,2,6.33,9,146
M0220,1,10,68,3,6.8,1,146
M0220,1,12,90,5,7.5,1,146
M0220,1,15,111,5,7.4,10,146
M0220,2,6,65,4,10.83,3,153
M0220,2,10,79,6,7.9,27,153
M0220,2,12,86,7,7.17,9,153
M0220,2,15,105,8,7.0,4,153
M0221,1,6,56,3,9.33,7,157
M0221,1,10,91,6,9.1,12,157
M0221,1,12,106,7,8.83,9,157
M0221,1,15,129,9,8.6,13,157
M0221,2,6,47,3,7.83,0,154
M0221,2,10,85,3,8.5,2,154
M0221,2,12,95,3,7.92,1,154
M0221,2,15,125,5,8.33,5,154
M0222,1,6,67,2,11.17,3,154
M0222,1,10,88,5,8.8,5,154
M0222,1,12,99,5,8.25,17,154
M0222,1,15,119,8,7.93,10,154
M0222,2,6,50,3,8.33,5,175
M0222,2,10,85,3,8.5,3,175
M0222,2,12,104,4,8.67,7,175
M0222,2,15,128,4,8.53,3,175
M0223,1,6,51,0,8.5,3,168
M0223,1,10,91,2,9.1,8,168
M0223,1,12,103,3,8.58,4,168
M0223,1,15,124,3,8.27,15,168
M0223,2,6,48,2,8.0,0,180
M0223,2,10,83,2,8.3,6,180
M0223,2,12,113,3,9.42,1,180
M0223,2,15,144,4,9.6,0,180
M0224,1,6,52,1,8.67,1,156
M0224,1,10,79,1,7.9,1,156
M0224,1,12,94,2,7.83,4,156
M0224,1,15,122,2,8.13,11,156
M0224,2,6,45,3,7.5,10,147
M0224,2,10,78,3,7.8,4,147
M0224,2,12,94,4,7.83,4,147
M0224,2,15,113,5,7.53,3,147
M0225,1,6,36,1,6.0,7,123
M0225,1,10,51,2,5.1,18,123
M0225,1,12,67,3,5.58,2,123
M0225,1,15,77,4,5.13,0,123
M0225,2,6,51,0,8.5,8,163
M0225,2,10,82,0,8.2,6,163
M0225,2,12,101,1,8.42,3,163
M0225,2,15,131,1,8.73,5,163
M0226,1,6,63,1,10.5,1,177
M0226,1,10,99,3,9.9,2,177
M0226,1,12,113,4,9.42,3,177
M0226,1,15,123,4,8.2,10,177
M0226,2,6,68,0,11.33,0,180
M0226,2,10,100,3,10.0,4,180
M0226,2,12,108,4,9.0,6,180
M0226,2,15,130,4,8.67,0,180
M0227,1,6,61,1,10.17,3,201
M0227,1,10,108,1,10.8,8,201
M0227,1,12,131,2,10.92,4,201
M0227,1,15,164,4,10.93,1,201
M0227,2,6,48,2,8.0,6,161
M0227,2,10,76,2,7.6,0,161
M0227,2,12,100,3,8.33,3,161
M0227,2,15,125,5,8.33,4,161
M0228,1,6,49,2,8.17,6,161
M0228,1,10,83,3,8.3,2,161
M0228,1,12,90,3,7.5,14,161
M0228,1,15,127,5,8.47,1,161
M0228,2,6,36,4,6.0,6,63
M0229,1,6,53,1,8.83,3,141
M0229,1,10,83,5,8.3,0,141
M0229,1,12,98,6,8.17,9,141
M0229,1,15,114,7,7.6,11,141
M0229,2,6,44,2,7.33,7,178
M0229,2,10,84,4,8.4,2,178
M0229,2,12,105,4,8.75,0,178
M0229,2,15,126,4,8.4,2,178
M0230,1,6,70,1,11.67,1,216
M0230,1,10,121,2,12.1,0,216
M0230,1,12,144,2,12.0,2,216
M0230,1,15,167,2,11.13,3,216
M0230,2,6,41,0,6.83,4,180
M0230,2,10,76,1,7.6,1,180
M0230,2,12,93,1,7.75,0,180
M0230,2,15,115,1,7.67,2,180
M0231,1,6,40,3,6.67,6,146
M0231,1,10,83,3,8.3,8,146
M0231,1,12,97,4,8.08,20,146
M0231,1,15,107,5,7.13,12,146
M0231,2,6,52,2,8.67,3,161
M0231,2,10,77,3,7.7,1,161
M0231,2,12,97,3,8.08,0,161
M0231,2,15,119,3,7.93,3,161
M0232,1,6,44,1,7.33,0,172
M0232,1,10,73,1,7.3,3,172
M0232,1,12,90,2,7.5,4,172
M0232,1,15,111,3,7.4,2,172
M0232,2,6,65,1,10.83,7,191
M0232,2,10,95,1,9.5,5,191
M0232,2,12,112,2,9.33,1,191
M0232,2,15,137,3,9.13,10,191
M0233,1,6,52,0,8.67,1,162
M0233,1,10,77,1,7.7,9,162
M0233,1,12,92,2,7.67,0,162
M0233,1,15,114,5,7.6,7,162
M0233,2,6,46,4,7.67,0,141
M0233,2,10,64,5,6.4,12,141
M0233,2,12,74,6,6.17,2,141
M0233,2,15,93,7,6.2,9,141
M0234,1,6,59,1,9.83,2,170
M0234,1,10,95,3,9.5,7,170
M0234,1,12,115,3,9.58,2,170
M0234,1,15,131,3,8.73,8,170
M0234,2,6,59,1,9.83,2,144
M0234,2,10,75,3,7.5,26,144
M0234,2,12,103,3,8.58,0,144
M0234,2,15,121,3,8.07,17,144
M0235,1,6,42,0,7.0,4,142
M0235,1,10,74,3,7.4,4,142
M0235,1,12,82,4,6.83,16,142
M0235,1,15,106,4,7.07,5,142
M0235,2,6,55,1,9.17,1,161
M0235,2,10,87,2,8.7,5,161
M0235,2,12,100,4,8.33,10,161
M0235,2,15,132,4,8.8,3,161
M0236,1,6,46,3,7.67,13,183
M0236,1,10,65,3,6.5,0,183
M0236,1,12,87,3,7.25,3,183
M0236,1,15,127,3,8.47,0,183
M0236,2,6,66,0,11.0,16,176
M0236,2,10,103,0,10.3,8,176
M0236,2,12,123,1,10.25,0,176
M0236,2,15,139,2,9.27,3,176
M0237,1,6,52,2,8.67,7,134
M0237,1,10,70,2,7.0,22,134
M0237,1,12,77,2,6.42,34,134
M0237,1,15,102,7,6.8,1,134
M0237,2,6,78,1,13.0,12,232
M0237,2,10,135,4,13.5,0,232
M0237,2,12,155,5,12.92,1,232
M0237,2,15,181,6,12.07,2,232
M0238,1,6,43,1,7.17,3,141
M0238,1,10,74,6,7.4,0,141
M0238,1,12,88,6,7.33,4,141
M0238,1,15,109,6,7.27,0,141
M0238,2,6,47,1,7.83,2,152
M0238,2,10,75,2,7.5,11,152
M0238,2,12,89,2,7.42,8,152
M0238,2,15,114,4,7.6,6,152
M0239,1,6,63,3,10.5,4,198
M0239,1,10,89,4,8.9,2,198
M0239,1,12,103,4,8.58,8,198
M0239,1,15,127,4,8.47,0,198
M0239,2,6,33,2,5.5,18,147
M0239,2,10,64,2,6.4,13,147
M0239,2,12,73,3,6.08,25,147
M0239,2,15,93,4,6.2,3,147
M0240,1,6,57,2,9.5,9,168
M0240,1,10,92,3,9.2,5,168
M0240,1,12,103,3,8.58,17,168
M0240,1,15,125,3,8.33,8,168
M0240,2,6,46,2,7.67,4,168
M0240,2,10,83,2,8.3,1,168
M0240,2,12,96,2,8.0,10,168
M0240,2,15,121,3,8.07,2,168
M0241,1,6,63,0,10.5,6,168
M0241,1,10,100,2,10.0,0,168
M0241,1,12,108,2,9.0,12,168
M0241,1,15,134,3,8.93,4,168
M0241,2,6,33,2,5.5,7,167
M0241,2,10,78,2,7.8,4,167
M0241,2,12,95,2,7.92,5,167
M0241,2,15,120,4,8.0,7,167
M0242,1,6,58,3,9.67,11,173
M0242,1,10,88,4,8.8,0,173
M0242,1,12,108,4,9.0,11,173
M0242,1,15,132,4,8.8,1,173
M0242,2,6,53,3,8.83,2,147
M0242,2,10,80,5,8.0,4,147
M0242,2,12,92,5,7.67,1,147
M0242,2,15,113,6,7.53,1,147
M0243,1,6,59,2,9.83,0,170
M0243,1,10,79,2,7.9,16,170
M0243,1,12,92,2,7.67,4,170
M0243,1,15,127,3,8.47,0,170
M0243,2,6,63,0,10.5,1,163
M0243,2,10,101,2,10.1,0,163
M0243,2,12,111,2,9.25,2,163
M0243,2,15,133,4,8.87,9,163
M0244,1,6,44,1,7.33,8,171
M0244,1,10,75,2,7.5,5,171
M0244,1,12,90,2,7.5,8,171
M0244,1,15,119,2,7.93,0,171
M0244,2,6,41,3,6.83,4,157
M0244,2,10,81,3,8.1,10,157
M0244,2,12,86,4,7.17,22,157
M0244,2,15,101,4,6.73,12,157
M0245,1,6,34,3,5.67,36,133
M0245,1,10,60,3,6.0,60,133
M0245,1,12,80,3,6.67,0,133
M0245,1,15,106,7,7.07,5,133
M0245,2,6,63,1,10.5,0,161
M0245,2,10,95,2,9.5,0,161
M0245,2,12,120,3,10.0,0,161
M0245,2,15,135,5,9.0,3,161
M0246,1,6,54,1,9.0,0,126
M0246,1,10,78,4,7.8,13,126
M0246,1,12,87,4,7.25,10,126
M0246,1,15,98,5,6.53,28,126
M0246,2,6,49,2,8.17,9,161
M0246,2,10,85,2,8.5,0,161
M0246,2,12,100,3,8.33,9,161
M0246,2,15,116,4,7.73,27,161
M0247,1,6,92,0,15.33,0,156
M0247,1,10,116,4,11.6,1,156
M0247,1,12,136,5,11.33,7,156
M0247,1,15,150,8,10.0,9,156
M0247,2,6,68,1,11.33,0,185
M0247,2,10,99,2,9.9,0,185
M0247,2,12,109,2,9.08,8,185
M0247,2,15,132,2,8.8,1,185
M0248,1,6,49,1,8.17,3,176
M0248,1,10,82,2,8.2,4,176
M0248,1,12,106,2,8.83,5,176
M0248,1,15,135,3,9.0,2,176
M0248,2,6,57,0,9.5,1,208
M0248,2,10,108,1,10.8,6,208
M0248,2,12,126,1,10.5,0,208
M0248,2,15,145,1,9.67,5,208
M0249,1,6,46,1,7.67,11,131
M0249,1,10,78,3,7.8,5,131
M0249,1,12,93,4,7.75,0,131
M0249,1,15,104,4,6.93,5,131
M0249,2,6,54,1,9.0,1,148
M0249,2,10,84,2,8.4,4,148
M0249,2,12,98,3,8.17,3,148
M0249,2,15,120,3,8.0,4,148
M0250,1,6,51,2,8.5,2,176
M0250,1,10,88,2,8.8,0,176
M0250,1,12,102,3,8.5,4,176
M0250,1,15,129,3,8.6,7,176
M0250,2,6,49,3,8.17,15,157
M0250,2,10,72,3,7.2,9,157
M0250,2,12,83,4,6.92,1,157
M0250,2,15,118,4,7.87,2,157
M0251,1,6,64,0,10.67,5,155
M0251,1,10,83,0,8.3,29,155
M0251,1,12,101,1,8.42,0,155
M0251,1,15,125,2,8.33,0,155
M0251,2,6,61,0,10.17,0,153
M0251,2,10,86,3,8.6,1,153
M0251,2,12,98,5,8.17,5,153
M0251,2,15,118,7,7.87,6,153
M0252,1,6,70,2,11.67,0,149
M0252,1,10,88,4,8.8,5,149
M0252,1,12,95,4,7.92,17,149
M0252,1,15,112,5,7.47,8,149
M0252,2,6,27,2,4.5,12,118
M0252,2,10,50,2,5.0,3,118
M0252,2,12,65,2,5.42,4,118
M0252,2,15,80,4,5.33,22,118
M0253,1,6,52,2,8.67,8,182
M0253,1,10,78,2,7.8,12,182
M0253,1,12,83,2,6.92,24,182
M0253,1,15,113,2,7.53,0,182
M0253,2,6,51,0,8.5,1,186
M0253,2,10,82,1,8.2,12,186
M0253,2,12,100,1,8.33,2,186
M0253,2,15,141,2,9.4,1,186
M0254,1,6,37,1,6.17,0,154
M0254,1,10,59,4,5.9,12,154
M0254,1,12,73,5,6.08,4,154
M0254,1,15,99,6,6.6,7,154
M0254,2,6,56,3,9.33,0,134
M0254,2,10,98,6,9.8,1,134
M0254,2,12,118,6,9.83,2,134
M0255,1,6,61,0,10.17,8,214
M0255,1,10,99,1,9.9,2,214
M0255,1,12,117,1,9.75,1,214
M0255,1,15,149,2,9.93,8,214
M0255,2,6,49,1,8.17,11,171
M0255,2,10,81,2,8.1,6,171
M0255,2,12,100,2,8.33,1,171
M0255,2,15,125,4,8.33,0,171
M0256,1,6,77,0,12.83,0,174
M0256,1,10,93,1,9.3,16,174
M0256,1,12,101,3,8.42,1,174
M0256,1,15,139,3,9.27,0,174
M0256,2,6,47,2,7.83,0,157
M0256,2,10,88,3,8.8,0,157
M0256,2,12,97,3,8.08,8,157
M0256,2,15,114,4,7.6,16,157
M0257,1,6,29,2,4.83,15,151
M0257,1,10,58,3,5.8,1,151
M0257,1,12,76,4,6.33,9,151
M0257,1,15,96,4,6.4,9,151
M0257,2,6,46,2,7.67,3,136
M0257,2,10,66,2,6.6,12,136
M0257,2,12,75,2,6.25,8,136
M0257,2,15,95,2,6.33,1,136
M0258,1,6,45,1,7.5,7,185
M0258,1,10,73,1,7.3,6,185
M0258,1,12,86,1,7.17,3,185
M0258,1,15,122,1,8.13,2,185
M0258,2,6,40,0,6.67,6,151
M0258,2,10,60,0,6.0,8,151
M0258,2,12,73,0,6.08,8,151
M0258,2,15,112,2,7.47,1,151
M0259,1,6,55,1,9.17,2,198
M0259,1,10,89,1,8.9,3,198
M0259,1,12,114,2,9.5,2,198
M0259,1,15,140,2,9.33,2,198
M0259,2,6,56,2,9.33,3,176
M0259,2,10,97,3,9.7,1,176
M0259,2,12,112,4,9.33,1,176
M0259,2,15,137,4,9.13,0,176
M0260,1,6,45,0,7.5,18,150
M0260,1,10,79,1,7.9,3,150
M0260,1,12,88,3,7.33,15,150
M0260,1,15,110,3,7.33,1,150
M0260,2,6,34,3,5.67,36,119
M0260,2,10,67,7,6.7,1,119
M0260,2,12,77,8,6.42,13,119
M0260,2,15,91,8,6.07,31,119
M0261,1,6,58,2,9.67,10,149
M0261,1,10,79,4,7.9,1,149
M0261,1,12,91,4,7.58,8,149
M0261,1,15,108,5,7.2,10,149
M0261,2,6,53,1,8.83,1,177
M0261,2,10,88,1,8.8,7,177
M0261,2,12,101,2,8.42,4,177
M0261,2,15,124,3,8.27,4,177
M0262,1,6,45,1,7.5,10,176
M0262,1,10,71,2,7.1,3,176
M0262,1,12,89,2,7.42,2,176
M0262,1,15,113,2,7.53,3,176
M0262,2,6,57,0,9.5,1,159
M0262,2,10,85,1,8.5,3,159
M0262,2,12,105,1,8.75,6,159
M0262,2,15,121,1,8.07,6,159
M0263,1,6,66,0,11.0,3,178
M0263,1,10,90,0,9.0,15,178
M0263,1,12,103,1,8.58,0,178
M0263,1,15,137,2,9.13,4,178
M0263,2,6,47,5,7.83,3,144
M0263,2,10,75,5,7.5,3,144
M0263,2,12,94,5,7.83,1,144
M0263,2,15,104,5,6.93,4,144
M0264,1,6,42,3,7.0,20,123
M0264,1,10,64,5,6.4,21,123
M0264,1,12,76,5,6.33,5,123
M0264,1,15,94,5,6.27,3,123
M0264,2,6,51,3,8.5,13,179
M0264,2,10,77,4,7.7,15,179
M0264,2,12,90,4,7.5,10,179
M0264,2,15,114,4,7.6,5,179
M0265,1,6,46,0,7.67,3,158
M0265,1,10,81,1,8.1,3,158
M0265,1,12,95,1,7.92,0,158
M0265,1,15,133,2,8.87,1,158
M0265,2,6,40,1,6.67,10,196
M0265,2,10,72,2,7.2,16,196
M0265,2,12,104,2,8.67,0,196
M0265,2,15,135,2,9.0,0,196
M0266,1,6,29,2,4.83,0,136
M0266,1,10,59,4,5.9,3,136
M0266,1,12,71,4,5.92,3,136
M0266,1,15,97,4,6.47,0,136
M0266,2,6,61,1,10.17,2,206
M0266,2,10,89,1,8.9,4,206
M0266,2,12,112,1,9.33,1,206
M0266,2,15,135,2,9.0,0,206
M0267,1,6,72,2,12.0,3,203
M0267,1,10,99,3,9.9,11,203
M0267,1,12,127,3,10.58,0,203
M0267,1,15,142,3,9.47,3,203
M0267,2,6,36,2,6.0,10,123
M0267,2,10,61,2,6.1,0,123
M0267,2,12,72,3,6.0,12,123
M0267,2,15,85,3,5.67,14,123
M0268,1,6,52,0,8.67,4,171
M0268,1,10,94,2,9.4,7,171
M0268,1,12,115,3,9.58,3,171
M0268,1,15,150,5,10.0,2,171
M0268,2,6,47,2,7.83,9,159
M0268,2,10,85,3,8.5,7,159
M0268,2,12,103,5,8.58,4,159
M0268,2,15,119,6,7.93,9,159
M0269,1,6,46,3,7.67,8,114
M0269,1,10,66,4,6.6,5,114
M0269,1,12,76,5,6.33,17,114
M0269,1,15,90,5,6.0,14,114
M0269,2,6,53,3,8.83,10,141
M0269,2,10,79,4,7.9,6,141
M0269,2,12,91,5,7.58,18,141
M0269,2,15,104,5,6.93,36,141
M0270,1,6,54,0,9.0,1,174
M0270,1,10,93,1,9.3,6,174
M0270,1,12,106,3,8.83,9,174
M0270,1,15,136,3,9.07,2,174
M0270,2,6,49,1,8.17,0,142
M0270,2,10,73,1,7.3,7,142
M0270,2,12,98,4,8.17,0,142
M0270,2,15,123,5,8.2,4,142
M0271,1,6,58,0,9.67,4,188
M0271,1,10,98,2,9.8,2,188
M0271,1,12,109,2,9.08,3,188
M0271,1,15,140,2,9.33,3,188
M0271,2,6,40,2,6.67,4,109
M0271,2,10,62,4,6.2,0,109
M0271,2,12,68,6,5.67,12,109
M0271,2,15,88,6,5.87,6,109
M0272,1,6,41,0,6.83,16,148
M0272,1,10,71,2,7.1,2,148
M0272,1,12,95,3,7.92,2,148
M0272,1,15,112,3,7.47,2,148
M0272,2,6,47,1,7.83,14,147
M0272,2,10,76,1,7.6,0,147
M0272,2,12,92,3,7.67,1,147
M0272,2,15,108,3,7.2,3,147
M0273,1,6,33,0,5.5,17,158
M0273,1,10,74,1,7.4,4,158
M0273,1,12,88,1,7.33,8,158
M0273,1,15,105,2,7.0,0,158
M0273,2,6,39,3,6.5,1,125
M0273,2,10,71,6,7.1,7,125
M0273,2,12,87,7,7.25,0,125
M0273,2,15,100,7,6.67,7,125
M0274,1,6,49,3,8.17,1,158
M0274,1,10,92,3,9.2,2,158
M0274,1,12,105,4,8.75,11,158
M0274,1,15,125,5,8.33,9,158
M0274,2,6,57,1,9.5,0,162
M0274,2,10,87,1,8.7,3,162
M0274,2,12,102,1,8.5,0,162
M0274,2,15,118,3,7.87,5,162
M0275,1,6,50,2,8.33,1,158
M0275,1,10,77,3,7.7,11,158
M0275,1,12,89,3,7.42,0,158
M0275,1,15,112,3,7.47,0,158
M0275,2,6,76,4,12.67,3,146
M0275,2,10,100,5,10.0,0,146
M0275,2,12,114,6,9.5,7,146
M0275,2,15,140,7,9.33,5,146
M0276,1,6,54,1,9.0,0,143
M0276,1,10,78,1,7.8,1,143
M0276,1,12,91,2,7.58,4,143
M0276,1,15,113,2,7.53,5,143
M0276,2,6,66,0,11.0,0,178
M0276,2,10,110,1,11.0,4,178
M0276,2,12,117,1,9.75,11,178
M0276,2,15,136,1,9.07,1,178
M0277,1,6,70,3,11.67,0,141
M0277,1,10,91,5,9.1,18,141
M0277,1,12,102,6,8.5,3,141
M0277,1,15,116,7,7.73,13,141
M0277,2,6,42,2,7.0,2,163
M0277,2,10,81,2,8.1,3,163
M0277,2,12,89,2,7.42,15,163
M0277,2,15,110,3,7.33,10,163
M0278,1,6,46,1,7.67,6,172
M0278,1,10,75,2,7.5,7,172
M0278,1,12,92,3,7.67,3,172
M0278,1,15,120,3,8.0,0,172
M0278,2,6,72,1,12.0,3,192
M0278,2,10,102,3,10.2,8,192
M0278,2,12,129,4,10.75,0,192
M0278,2,15,149,4,9.93,8,192
M0279,1,6,55,2,9.17,4,133
M0279,1,10,70,3,7.0,6,133
M0279,1,12,81,4,6.75,9,133
M0279,1,15,97,4,6.47,0,133
M0279,2,6,31,1,5.17,33,115
M0279,2,10,44,3,4.4,2,115
M0279,2,12,68,3,5.67,2,115
M0279,2,15,89,4,5.93,9,115
M0280,1,6,43,1,7.17,8,140
M0280,1,10,85,3,8.5,7,140
M0280,1,12,90,4,7.5,19,140
M0280,1,15,102,6,6.8,2,140
M0280,2,6,46,1,7.67,8,137
M0280,2,10,85,5,8.5,3,137
M0280,2,12,94,5,7.83,7,137
M0280,2,15,104,7,6.93,25,137
M0281,1,6,55,2,9.17,1,235
M0281,1,10,127,2,12.7,0,235
M0281,1,12,136,2,11.33,2,235
M0281,1,15,172,2,11.47,0,235
M0281,2,6,53,1,8.83,0,190
M0281,2,10,97,1,9.7,0,190
M0281,2,12,122,1,10.17,1,190
M0281,2,15,144,1,9.6,11,190
M0282,1,6,52,0,8.67,3,194
M0282,1,10,95,2,9.5,8,194
M0282,1,12,114,3,9.5,4,194
M0282,1,15,142,3,9.47,2,194
M0282,2,6,50,1,8.33,1,158
M0282,2,10,76,3,7.6,7,158
M0282,2,12,98,4,8.17,0,158
M0282,2,15,115,4,7.67,6,158
M0283,1,6,55,2,9.17,2,153
M0283,1,10,84,4,8.4,13,153
M0283,1,12,105,4,8.75,4,153
M0283,1,15,125,6,8.33,4,153
M0283,2,6,69,2,11.5,1,165
M0283,2,10,84,3,8.4,6,165
M0283,2,12,96,3,8.0,8,165
M0283,2,15,128,4,8.53,0,165
M0284,1,6,59,1,9.83,2,158
M0284,1,10,97,1,9.7,1,158
M0284,1,12,116,1,9.67,4,158
M0284,1,15,129,1,8.6,22,158
M0284,2,6,44,2,7.33,3,154
M0284,2,10,82,3,8.2,2,154
M0284,2,12,93,3,7.75,10,154
M0284,2,15,116,4,7.73,5,154
M0285,1,6,50,2,8.33,2,142
M0285,1,10,73,3,7.3,15,142
M0285,1,12,83,3,6.92,27,142
M0285,1,15,98,3,6.53,45,142
M0285,2,6,45,2,7.5,1,168
M0285,2,10,90,4,9.0,6,168
M0285,2,12,106,4,8.83,0,168
M0285,2,15,128,4,8.53,1,168
M0286,1,6,62,2,10.33,12,167
M0286,1,10,102,2,10.2,0,167
M0286,1,12,117,3,9.75,2,167
M0286,1,15,141,4,9.4,7,167
M0286,2,6,59,3,9.83,0,169
M0286,2,10,100,4,10.0,0,169
M0286,2,12,121,4,10.08,0,169
M0286,2,15,138,8,9.2,15,169
M0287,1,6,48,1,8.0,4,141
M0287,1,10,75,3,7.5,8,141
M0287,1,12,93,3,7.75,3,141
M0287,1,15,108,4,7.2,3,141
M0287,2,6,43,1,7.17,8,145
M0287,2,10,68,3,6.8,18,145
M0287,2,12,90,4,7.5,2,145
M0287,2,15,105,5,7.0,9,145
M0288,1,6,49,0,8.17,9,182
M0288,1,10,87,0,8.7,1,182
M0288,1,12,105,1,8.75,0,182
M0288,1,15,129,1,8.6,6,182
M0288,2,6,49,1,8.17,6,166
M0288,2,10,86,3,8.6,0,166
M0288,2,12,105,3,8.75,5,166
M0288,2,15,133,4,8.87,0,166
M0289,1,6,57,1,9.5,3,169
M0289,1,10,93,3,9.3,8,169
M0289,1,12,105,3,8.75,1,169
M0289,1,15,127,3,8.47,0,169
M0289,2,6,37,2,6.17,19,150
M0289,2,10,79,4,7.9,3,150
M0289,2,12,96,4,8.0,2,150
M0289,2,15,118,6,7.87,11,150
M0290,1,6,73,1,12.17,0,191
M0290,1,10,117,1,11.7,2,191
M0290,1,12,122,1,10.17,14,191
M0290,1,15,149,2,9.93,0,191
M0290,2,6,47,1,7.83,2,160
M0290,2,10,86,3,8.6,7,160
M0290,2,12,100,3,8.33,1,160
M0290,2,15,120,3,8.0,0,160
M0291,1,6,68,2,11.33,1,198
M0291,1,10,98,2,9.8,2,198
M0291,1,12,112,2,9.33,1,198
M0291,1,15,148,2,9.87,3,198
M0291,2,6,30,1,5.0,8,129
M0291,2,10,52,2,5.2,2,129
M0291,2,12,74,3,6.17,1,129
M0291,2,15,92,3,6.13,7,129
M0292,1,6,58,1,9.67,0,208
M0292,1,10,115,1,11.5,1,208
M0292,1,12,122,1,10.17,13,208
M0292,1,15,150,1,10.0,4,208
M0292,2,6,42,3,7.0,1,157
M0292,2,10,72,4,7.2,4,157
M0292,2,12,83,4,6.92,6,157
M0292,2,15,111,5,7.4,3,157
M0293,1,6,57,2,9.5,3,149
M0293,1,10,79,5,7.9,18,149
M0293,1,12,95,5,7.92,7,149
M0293,1,15,117,6,7.8,2,149
M0293,2,6,45,2,7.5,36,129
M0293,2,10,67,3,6.7,2,129
M0293,2,12,81,3,6.75,6,129
M0293,2,15,94,3,6.27,24,129
M0294,1,6,49,1,8.17,0,186
M0294,1,10,93,2,9.3,0,186
M0294,1,12,109,2,9.08,3,186
M0294,1,15,134,2,8.93,6,186
M0294,2,6,53,3,8.83,7,127
M0294,2,10,82,5,8.2,2,127
M0294,2,12,91,5,7.58,14,127
M0294,2,15,104,6,6.93,32,127
M0295,1,6,38,2,6.33,36,126
M0295,1,10,51,3,5.1,60,126
M0295,1,12,58,3,4.83,72,126
M0295,1,15,73,3,4.87,0,126
M0295,2,6,61,3,10.17,2,133
M0295,2,10,89,4,8.9,19,133
M0295,2,12,103,4,8.58,9,133
M0295,2,15,121,9,8.07,4,133
M0296,1,6,35,0,5.83,29,184
M0296,1,10,80,0,8.0,1,184
M0296,1,12,98,1,8.17,11,184
M0296,1,15,117,2,7.8,16,184
M0296,2,6,55,0,9.17,1,210
M0296,2,10,95,2,9.5,1,210
M0296,2,12,123,2,10.25,2,210
M0296,2,15,151,2,10.07,3,210
M0297,1,6,73,2,12.17,3,208
M0297,1,10,114,3,11.4,4,208
M0297,1,12,131,3,10.92,2,208
M0297,1,15,159,3,10.6,12,208
M0297,2,6,62,0,10.33,1,212
M0297,2,10,108,0,10.8,0,212
M0297,2,12,125,0,10.42,12,212
M0297,2,15,155,0,10.33,2,212
M0298,1,6,59,6,9.83,3,143
M0298,1,10,94,6,9.4,2,143
M0298,1,12,97,6,8.08,14,143
M0298,1,15,113,7,7.53,6,143
M0298,2,6,45,0,7.5,7,158
M0298,2,10,78,0,7.8,8,158
M0298,2,12,95,1,7.92,0,158
M0298,2,15,112,2,7.47,17,158
M0299,1,6,51,2,8.5,7,207
M0299,1,10,104,2,10.4,6,207
M0299,1,12,132,2,11.0,2,207
M0299,1,15,162,2,10.8,1,207
M0299,2,6,39,2,6.5,11,162
M0299,2,10,92,5,9.2,5,162
M0299,2,12,108,5,9.0,0,162
M0299,2,15,122,6,8.13,0,162
M0300,1,6,43,2,7.17,28,116
M0300,1,10,62,3,6.2,52,116
M0300,1,12,78,3,6.5,10,116
M0300,1,15,92,6,6.13,9,116
M0300,2,6,51,3,8.5,4,187
M0300,2,10,93,5,9.3,1,187
M0300,2,12,100,5,8.33,13,187
M0300,2,15,131,6,8.73,0,187
M0301,1,6,46,5,7.67,2,172
M0301,1,10,83,5,8.3,0,172
M0301,1,12,105,5,8.75,0,172
M0301,1,15,126,6,8.4,0,172
M0301,2,6,56,0,9.33,0,185
M0301,2,10,99,0,9.9,3,185
M0301,2,12,126,0,10.5,0,185
M0301,2,15,144,2,9.6,7,185
M0302,1,6,49,0,8.17,1,155
M0302,1,10,69,2,6.9,8,155
M0302,1,12,83,3,6.92,6,155
M0302,1,15,111,5,7.4,2,155
M0302,2,6,75,2,12.5,4,153
M0302,2,10,107,4,10.7,2,153
M0302,2,12,119,5,9.92,7,153
M0302,2,15,130,6,8.67,2,153
M0303,1,6,45,1,7.5,0,205
M0303,1,10,87,1,8.7,3,205
M0303,1,12,106,2,8.83,0,205
M0303,1,15,140,2,9.33,0,205
M0303,2,6,36,1,6.0,1,170
M0303,2,10,88,2,8.8,6,170
M0303,2,12,99,2,8.25,8,170
M0303,2,15,120,4,8.0,1,170
M0304,1,6,51,7,8.5,28,121
M0304,1,10,72,8,7.2,52,121
M0304,1,12,87,8,7.25,64,121
M0304,1,15,104,8,6.93,82,121
M0304,2,6,56,1,9.33,1,165
M0304,2,10,92,2,9.2,3,165
M0304,2,12,108,2,9.0,3,165
M0304,2,15,123,3,8.2,7,165
M0305,1,6,55,0,9.17,0,164
M0305,1,10,73,1,7.3,12,164
M0305,1,12,95,4,7.92,1,164
M0305,1,15,116,6,7.73,2,164
M0305,2,6,63,2,10.5,7,158
M0305,2,10,82,2,8.2,18,158
M0305,2,12,91,3,7.58,9,158
M0305,2,15,115,3,7.67,5,158
M0306,1,6,51,1,8.5,2,196
M0306,1,10,91,2,9.1,13,196
M0306,1,12,103,2,8.58,5,196
M0306,1,15,127,2,8.47,9,196
M0306,2,6,40,1,6.67,13,137
M0306,2,10,68,2,6.8,6,137
M0306,2,12,86,3,7.17,3,137
M0306,2,15,109,4,7.27,3,137
M0307,1,6,64,2,10.67,11,183
M0307,1,10,90,3,9.0,12,183
M0307,1,12,105,4,8.75,5,183
M0307,1,15,129,5,8.6,1,183
M0307,2,6,57,0,9.5,2,190
M0307,2,10,97,1,9.7,7,190
M0307,2,12,115,2,9.58,2,190
M0307,2,15,142,3,9.47,3,190
M0308,1,6,40,1,6.67,2,149
M0308,1,10,70,3,7.0,4,149
M0308,1,12,86,4,7.17,7,149
M0308,1,15,102,5,6.8,6,149
M0308,2,6,53,2,8.83,0,171
M0308,2,10,84,2,8.4,4,171
M0308,2,12,102,2,8.5,4,171
M0308,2,15,117,2,7.8,17,171
M0309,1,6,47,0,7.83,9,155
M0309,1,10,82,2,8.2,1,155
M0309,1,12,102,3,8.5,2,155
M0309,1,15,120,3,8.0,7,155
M0309,2,6,57,1,9.5,1,200
M0309,2,10,93,1,9.3,0,200
M0309,2,12,104,1,8.67,12,200
M0309,2,15,132,2,8.8,0,200
M0310,1,6,51,2,8.5,4,196
M0310,1,10,86,2,8.6,1,196
M0310,1,12,98,2,8.17,0,196
M0310,1,15,137,2,9.13,1,196
M0310,2,6,60,3,10.0,4,145
M0310,2,10,80,5,8.0,3,145
M0310,2,12,99,7,8.25,2,145
M0310,2,15,113,8,7.53,0,145
M0311,1,6,43,2,7.17,10,135
M0311,1,10,67,3,6.7,15,135
M0311,1,12,75,3,6.25,27,135
M0311,1,15,92,4,6.13,10,135
M0311,2,6,59,3,9.83,0,146
M0311,2,10,87,5,8.7,3,146
M0311,2,12,93,5,7.75,15,146
M0311,2,15,118,6,7.87,0,146
M0312,1,6,56,1,9.33,10,182
M0312,1,10,90,3,9.0,8,182
M0312,1,12,103,3,8.58,1,182
M0312,1,15,130,3,8.67,1,182
M0312,2,6,46,0,7.67,6,158
M0312,2,10,64,0,6.4,30,158
M0312,2,12,91,0,7.58,1,158
M0312,2,15,118,0,7.87,10,158
M0313,1,6,52,0,8.67,0,175
M0313,1,10,88,1,8.8,3,175
M0313,1,12,106,2,8.83,0,175
M0313,1,15,130,3,8.67,5,175
M0313,2,6,38,1,6.33,3,185
M0313,2,10,76,2,7.6,4,185
M0313,2,12,89,2,7.42,2,185
M0313,2,15,124,3,8.27,3,185
M0314,1,6,42,3,7.0,0,150
M0314,1,10,69,3,6.9,7,150
M0314,1,12,73,4,6.08,19,150
M0314,1,15,108,4,7.2,9,150
M0314,2,6,43,1,7.17,3,165
M0314,2,10,79,2,7.9,1,165
M0314,2,12,98,2,8.17,4,165
M0314,2,15,117,3,7.8,3,165
M0315,1,6,66,3,11.0,2,196
M0315,1,10,92,3,9.2,4,196
M0315,1,12,110,3,9.17,0,196
M0315,1,15,136,3,9.07,5,196
M0315,2,6,58,1,9.67,0,155
M0315,2,10,85,2,8.5,1,155
M0315,2,12,108,3,9.0,0,155
M0315,2,15,133,6,8.87,5,155
M0316,1,6,57,1,9.5,3,145
M0316,1,10,89,4,8.9,9,145
M0316,1,12,106,5,8.83,5,145
M0316,1,15,119,7,7.93,16,145
M0316,2,6,62,2,10.33,0,165
M0316,2,10,94,2,9.4,1,165
M0316,2,12,99,2,8.25,13,165
M0316,2,15,136,4,9.07,0,165
M0317,1,6,39,1,6.5,2,166
M0317,1,10,80,3,8.0,0,166
M0317,1,12,90,4,7.5,5,166
M0317,1,15,108,5,7.2,4,166
M0317,2,6,55,1,9.17,5,186
M0317,2,10,99,1,9.9,1,186
M0317,2,12,119,2,9.92,5,186
M0317,2,15,132,3,8.8,23,186
M0318,1,6,41,4,6.83,0,138
M0318,1,10,69,5,6.9,6,138
M0318,1,12,95,6,7.92,3,138
M0318,1,15,105,7,7.0,9,138
M0318,2,6,47,1,7.83,11,135
M0318,2,10,63,2,6.3,12,135
M0318,2,12,75,2,6.25,5,135
M0318,2,15,106,3,7.07,1,135
M0319,1,6,40,1,6.67,10,150
M0319,1,10,69,1,6.9,11,150
M0319,1,12,79,1,6.58,11,150
M0319,1,15,104,1,6.93,9,150
M0319,2,6,50,1,8.33,4,194
M0319,2,10,87,1,8.7,1,194
M0319,2,12,104,1,8.67,0,194
M0319,2,15,140,1,9.33,0,194
M0320,1,6,55,2,9.17,3,144
M0320,1,10,83,3,8.3,0,144
M0320,1,12,105,3,8.75,1,144
M0320,1,15,126,3,8.4,1,144
M0320,2,6,55,2,9.17,3,152
M0320,2,10,90,2,9.0,2,152
M0320,2,12,105,2,8.75,2,152
M0320,2,15,118,3,7.87,4,152
M0321,1,6,60,0,10.0,0,147
M0321,1,10,88,1,8.8,0,147
M0321,1,12,105,4,8.75,5,147
M0321,1,15,116,5,7.73,10,147
M0321,2,6,49,0,8.17,3,173
M0321,2,10,99,1,9.9,3,173
M0321,2,12,116,1,9.67,9,173
M0321,2,15,132,2,8.8,27,173
M0322,1,6,44,0,7.33,2,174
M0322,1,10,79,1,7.9,9,174
M0322,1,12,96,1,8.0,7,174
M0322,1,15,124,4,8.27,0,174
M0322,2,6,52,3,8.67,6,149
M0322,2,10,70,3,7.0,15,149
M0322,2,12,95,5,7.92,2,149
M0322,2,15,120,6,8.0,0,149
M0323,1,6,57,4,9.5,9,129
M0323,1,10,104,4,10.4,0,129
M0323,1,12,108,6,9.0,12,129
M0323,1,15,127,8,8.47,5,129
M0323,2,6,40,1,6.67,2,189
M0323,2,10,80,1,8.0,5,189
M0323,2,12,87,2,7.25,17,189
M0323,2,15,115,2,7.67,1,189
M0324,1,6,40,3,6.67,5,138
M0324,1,10,69,3,6.9,11,138
M0324,1,12,87,3,7.25,2,138
M0324,1,15,106,4,7.07,3,138
M0324,2,6,48,0,8.0,5,224
M0324,2,10,110,0,11.0,0,224
M0324,2,12,130,0,10.83,0,224
M0324,2,15,160,1,10.67,5,224
M0325,1,6,59,1,9.83,1,178
M0325,1,10,84,3,8.4,8,178
M0325,1,12,101,3,8.42,4,178
M0325,1,15,123,4,8.2,0,178
M0325,2,6,63,1,10.5,0,154
M0325,2,10,83,3,8.3,12,154
M0325,2,12,102,4,8.5,0,154
M0325,2,15,131,4,8.73,0,154
M0326,1,6,44,2,7.33,6,184
M0326,1,10,82,2,8.2,5,184
M0326,1,12,108,3,9.0,1,184
M0326,1,15,131,3,8.73,1,184
M0326,2,6,52,3,8.67,3,169
M0326,2,10,86,3,8.6,13,169
M0326,2,12,105,5,8.75,1,169
M0326,2,15,124,6,8.27,3,169
M0327,1,6,36,3,6.0,0,79
M0327,1,10,53,6,5.3,11,79
M0327,1,12,65,8,5.42,2,79
M0327,1,15,76,8,5.07,20,79
M0327,2,6,35,2,5.83,12,176
M0327,2,10,58,2,5.8,1,176
M0327,2,12,69,3,5.75,7,176
M0327,2,15,102,4,6.8,0,176
M0328,1,6,79,2,13.17,3,207
M0328,1,10,114,2,11.4,17,207
M0328,1,12,128,2,10.67,5,207
M0328,1,15,147,3,9.8,4,207
M0328,2,6,45,1,7.5,0,182
M0328,2,10,81,2,8.1,1,182
M0328,2,12,103,2,8.58,1,182
M0328,2,15,130,2,8.67,6,182
M0329,1,6,43,3,7.17,2,151
M0329,1,10,72,4,7.2,20,151
M0329,1,12,89,4,7.42,5,151
M0329,1,15,111,4,7.4,1,151
M0329,2,6,41,1,6.83,24,161
M0329,2,10,77,4,7.7,6,161
M0329,2,12,95,4,7.92,7,161
M0329,2,15,119,4,7.93,5,161
M0330,1,6,45,1,7.5,2,152
M0330,1,10,57,2,5.7,0,152
M0330,1,12,78,2,6.5,1,152
M0330,1,15,95,2,6.33,10,152
M0330,2,6,46,4,7.67,7,111
M0330,2,10,69,7,6.9,15,111
M0330,2,12,84,7,7.0,1,111
M0330,2,15,111,10,7.4,0,111
M0331,1,6,63,1,10.5,4,156
M0331,1,10,83,1,8.3,14,156
M0331,1,12,95,3,7.92,1,156
M0331,1,15,115,4,7.67,5,156
M0331,2,6,34,1,5.67,4,178
M0331,2,10,67,1,6.7,2,178
M0331,2,12,83,2,6.92,3,178
M0331,2,15,117,2,7.8,2,178
M0332,1,6,60,1,10.0,0,161
M0332,1,10,103,2,10.3,3,161
M0332,1,12,113,2,9.42,9,161
M0332,1,15,133,2,8.87,0,161
M0332,2,6,49,1,8.17,5,158
M0332,2,10,79,2,7.9,3,158
M0332,2,12,99,3,8.25,0,158
M0332,2,15,112,4,7.47,16,158
M0333,1,6,60,0,10.0,0,194
M0333,1,10,105,1,10.5,8,194
M0333,1,12,134,1,11.17,1,194
M0333,1,15,155,1,10.33,7,194
M0333,2,6,47,1,7.83,2,138
M0333,2,10,69,3,6.9,5,138
M0333,2,12,82,4,6.83,9,138
M0333,2,15,105,4,7.0,6,138
M0334,1,6,49,3,8.17,8,154
M0334,1,10,83,4,8.3,4,154
M0334,1,12,95,4,7.92,5,154
M0334,1,15,115,6,7.67,0,154
M0334,2,6,48,2,8.0,2,155
M0334,2,10,99,3,9.9,1,155
M0334,2,12,107,4,8.92,13,155
M0334,2,15,125,6,8.33,12,155
M0335,1,6,49,3,8.17,0,165
M0335,1,10,80,3,8.0,3,165
M0335,1,12,94,4,7.83,7,165
M0335,1,15,125,4,8.33,12,165
M0335,2,6,56,0,9.33,2,175
M0335,2,10,98,1,9.8,2,175
M0335,2,12,112,2,9.33,11,175
M0335,2,15,142,4,9.47,6,175
M0336,1,6,50,3,8.33,12,173
M0336,1,10,84,3,8.4,7,173
M0336,1,12,96,3,8.0,0,173
M0336,1,15,136,3,9.07,2,173
M0336,2,6,36,1,6.0,6,140
M0336,2,10,66,4,6.6,0,140
M0336,2,12,77,4,6.42,6,140
M0336,2,15,100,5,6.67,1,140
M0337,1,6,65,1,10.83,2,169
M0337,1,10,91,1,9.1,19,169
M0337,1,12,107,2,8.92,11,169
M0337,1,15,124,3,8.27,0,169
M0337,2,6,44,0,7.33,9,185
M0337,2,10,74,0,7.4,16,185
M0337,2,12,90,0,7.5,5,185
M0337,2,15,114,1,7.6,4,185
M0338,1,6,56,2,9.33,1,199
M0338,1,10,98,3,9.8,4,199
M0338,1,12,113,3,9.42,2,199
M0338,1,15,139,4,9.27,10,199
M0338,2,6,49,4,8.17,9,131
M0338,2,10,71,6,7.1,4,131
M0338,2,12,85,6,7.08,7,131
M0338,2,15,108,7,7.2,7,131
M0339,1,6,44,1,7.33,2,138
M0339,1,10,58,3,5.8,9,138
M0339,1,12,65,3,5.42,21,138
M0339,1,15,106,3,7.07,0,138
M0339,2,6,35,1,5.83,3,132
M0339,2,10,56,2,5.6,10,132
M0339,2,12,73,2,6.08,5,132
M0339,2,15,88,4,5.87,16,132
M0340,1,6,73,2,12.17,1,196
M0340,1,10,98,2,9.8,5,196
M0340,1,12,125,4,10.42,1,196
M0340,1,15,139,4,9.27,14,196
M0340,2,6,47,3,7.83,4,115
M0340,2,10,86,6,8.6,0,115
M0340,2,12,100,7,8.33,0,115
M0341,1,6,54,0,9.0,4,182
M0341,1,10,87,1,8.7,1,182
M0341,1,12,112,1,9.33,1,182
M0341,1,15,132,3,8.8,5,182
M0341,2,6,69,2,11.5,6,164
M0341,2,10,105,4,10.5,3,164
M0341,2,12,115,5,9.58,7,164
M0341,2,15,131,5,8.73,15,164
M0342,1,6,62,0,10.33,3,166
M0342,1,10,85,2,8.5,2,166
M0342,1,12,95,2,7.92,14,166
M0342,1,15,122,3,8.13,5,166
M0342,2,6,41,3,6.83,0,120
M0342,2,10,62,5,6.2,15,120
M0342,2,12,72,5,6.0,4,120
M0342,2,15,85,5,5.67,12,120
M0343,1,6,48,3,8.0,5,141
M0343,1,10,73,5,7.3,2,141
M0343,1,12,80,5,6.67,2,141
M0343,1,15,107,7,7.13,3,141
M0343,2,6,65,0,10.83,1,208
M0343,2,10,98,1,9.8,0,208
M0343,2,12,108,2,9.0,5,208
M0343,2,15,146,2,9.73,2,208
M0344,1,6,71,2,11.83,3,215
M0344,1,10,105,3,10.5,5,215
M0344,1,12,129,3,10.75,3,215
M0344,1,15,156,3,10.4,4,215
M0344,2,6,65,1,10.83,0,190
M0344,2,10,111,3,11.1,6,190
M0344,2,12,121,4,10.08,6,190
M0344,2,15,147,5,9.8,2,190
M0345,1,6,45,0,7.5,0,152
M0345,1,10,80,0,8.0,2,152
M0345,1,12,95,1,7.92,3,152
M0345,1,15,109,1,7.27,21,152
M0345,2,6,46,2,7.67,0,180
M0345,2,10,87,2,8.7,2,180
M0345,2,12,104,2,8.67,1,180
M0345,2,15,140,2,9.33,3,180
M0346,1,6,50,1,8.33,2,171
M0346,1,10,83,3,8.3,9,171
M0346,1,12,98,3,8.17,11,171
M0346,1,15,128,5,8.53,4,171
M0346,2,6,29,0,4.83,5,162
M0346,2,10,51,0,5.1,1,162
M0346,2,12,80,0,6.67,0,162
M0346,2,15,104,2,6.93,2,162
M0347,1,6,40,3,6.67,1,140
M0347,1,10,75,4,7.5,0,140
M0347,1,12,91,6,7.58,3,140
M0347,1,15,102,7,6.8,21,140
M0347,2,6,64,1,10.67,7,246
M0347,2,10,117,4,11.7,2,246
M0347,2,12,143,4,11.92,6,246
M0347,2,15,187,4,12.47,2,246
M0348,1,6,61,1,10.17,0,180
M0348,1,10,86,1,8.6,10,180
M0348,1,12,99,1,8.25,3,180
M0348,1,15,120,3,8.0,0,180
M0348,2,6,53,0,8.83,2,150
M0348,2,10,84,3,8.4,14,150
M0348,2,12,102,4,8.5,3,150
M0348,2,15,127,4,8.47,4,150
M0349,1,6,37,1,6.17,11,140
M0349,1,10,67,1,6.7,1,140
M0349,1,12,82,3,6.83,6,140
M0349,1,15,108,3,7.2,6,140
M0349,2,6,42,3,7.0,15,143
M0349,2,10,70,4,7.0,39,143
M0349,2,12,86,5,7.17,5,143
M0349,2,15,98,5,6.53,23,143
M0350,1,6,48,2,8.0,2,154
M0350,1,10,74,3,7.4,0,154
M0350,1,12,79,3,6.58,12,154
M0350,1,15,98,5,6.53,0,154
M0350,2,6,46,3,7.67,6,166
M0350,2,10,88,3,8.8,9,166
M0350,2,12,98,4,8.17,21,166
M0350,2,15,120,6,8.0,5,166
M0351,1,6,55,3,9.17,3,146
M0351,1,10,66,3,6.6,27,146
M0351,1,12,77,4,6.42,39,146
M0351,1,15,93,4,6.2,10,146
M0351,2,6,55,1,9.17,2,179
M0351,2,10,85,2,8.5,2,179
M0351,2,12,111,2,9.25,1,179
M0351,2,15,137,3,9.13,0,179
M0352,1,6,51,1,8.5,0,141
M0352,1,10,73,4,7.3,12,141
M0352,1,12,86,4,7.17,4,141
M0352,1,15,106,4,7.07,0,141
M0352,2,6,34,2,5.67,1,165
M0352,2,10,63,2,6.3,6,165
M0352,2,12,73,3,6.08,11,165
M0352,2,15,112,3,7.47,0,165
M0353,1,6,71,2,11.83,5,164
M0353,1,10,102,3,10.2,7,164
M0353,1,12,111,3,9.25,19,164
M0353,1,15,128,4,8.53,9,164
M0353,2,6,61,0,10.17,8,152
M0353,2,10,81,4,8.1,11,152
M0353,2,12,98,4,8.17,1,152
M0353,2,15,114,4,7.6,0,152
M0354,1,6,57,1,9.5,3,160
M0354,1,10,89,1,8.9,3,160
M0354,1,12,114,2,9.5,2,160
M0354,1,15,133,4,8.87,4,160
M0354,2,6,79,1,13.17,0,187
M0354,2,10,106,2,10.6,1,187
M0354,2,12,124,2,10.33,2,187
M0354,2,15,139,2,9.27,9,187
M0355,1,6,63,1,10.5,5,182
M0355,1,10,107,2,10.7,0,182
M0355,1,12,128,2,10.67,0,182
M0355,1,15,149,3,9.93,1,182
M0355,2,6,55,2,9.17,1,127
M0355,2,10,74,2,7.4,9,127
M0355,2,12,84,3,7.0,0,127
M0355,2,15,108,3,7.2,16,127
M0356,1,6,69,4,11.5,2,185
M0356,1,10,107,4,10.7,3,185
M0356,1,12,117,4,9.75,0,185
M0356,1,15,129,4,8.6,18,185
M0356,2,6,48,1,8.0,3,165
M0356,2,10,76,3,7.6,10,165
M0356,2,12,90,3,7.5,7,165
M0356,2,15,109,4,7.27,6,165
M0357,1,6,48,3,8.0,4,118
M0357,1,10,64,4,6.4,19,118
M0357,1,12,80,5,6.67,6,118
M0357,1,15,99,7,6.6,6,118
M0357,2,6,38,2,6.33,10,142
M0357,2,10,58,3,5.8,7,142
M0357,2,12,77,4,6.42,1,142
M0357,2,15,96,5,6.4,1,142
M0358,1,6,50,1,8.33,5,170
M0358,1,10,98,1,9.8,0,170
M0358,1,12,116,1,9.67,5,170
M0358,1,15,140,3,9.33,9,170
M0358,2,6,51,2,8.5,4,177
M0358,2,10,90,2,9.0,0,177
M0358,2,12,108,2,9.0,0,177
M0358,2,15,143,3,9.53,7,177
M0359,1,6,53,3,8.83,5,180
M0359,1,10,91,4,9.1,12,180
M0359,1,12,116,5,9.67,0,180
M0359,1,15,142,6,9.47,0,180
M0359,2,6,51,3,8.5,4,146
M0359,2,10,76,3,7.6,13,146
M0359,2,12,104,3,8.67,4,146
M0359,2,15,139,7,9.27,0,146
M0360,1,6,56,4,9.33,3,159
M0360,1,10,84,5,8.4,4,159
M0360,1,12,98,5,8.17,11,159
M0360,1,15,125,7,8.33,4,159
M0360,2,6,60,0,10.0,7,206
M0360,2,10,108,0,10.8,7,206
M0360,2,12,120,0,10.0,8,206
M0360,2,15,148,0,9.87,0,206
M0361,1,6,54,2,9.0,3,164
M0361,1,10,87,3,8.7,16,164
M0361,1,12,99,3,8.25,10,164
M0361,1,15,120,4,8.0,2,164
M0361,2,6,55,1,9.17,0,174
M0361,2,10,89,1,8.9,0,174
M0361,2,12,102,3,8.5,10,174
M0361,2,15,126,3,8.4,0,174
M0362,1,6,40,1,6.67,23,137
M0362,1,10,69,2,6.9,1,137
M0362,1,12,84,4,7.0,3,137
M0362,1,15,100,5,6.67,6,137
M0362,2,6,61,2,10.17,0,189
M0362,2,10,101,2,10.1,3,189
M0362,2,12,121,2,10.08,2,189
M0362,2,15,148,3,9.87,9,189
M0363,1,6,41,2,6.83,18,144
M0363,1,10,85,3,8.5,1,144
M0363,1,12,98,5,8.17,13,144
M0363,1,15,116,5,7.73,2,144
M0363,2,6,50,1,8.33,1,148
M0363,2,10,81,3,8.1,22,148
M0363,2,12,91,3,7.58,2,148
M0363,2,15,110,3,7.33,4,148
M0364,1,6,52,3,8.67,3,157
M0364,1,10,83,4,8.3,0,157
M0364,1,12,106,5,8.83,2,157
M0364,1,15,124,5,8.27,5,157
M0364,2,6,40,2,6.67,3,129
M0364,2,10,65,2,6.5,0,129
M0364,2,12,78,4,6.5,9,129
M0364,2,15,101,8,6.73,1,129
M0365,1,6,63,1,10.5,1,145
M0365,1,10,88,4,8.8,9,145
M0365,1,12,103,5,8.58,10,145
M0365,1,15,119,8,7.93,5,145
M0365,2,6,31,2,5.17,31,133
M0365,2,10,66,2,6.6,4,133
M0365,2,12,76,2,6.33,7,133
M0365,2,15,93,3,6.2,4,133
M0366,1,6,50,4,8.33,5,142
M0366,1,10,87,5,8.7,7,142
M0366,1,12,103,6,8.58,6,142
M0366,1,15,111,7,7.4,7,142
M0366,2,6,41,2,6.83,5,163
M0366,2,10,77,2,7.7,4,163
M0366,2,12,88,4,7.33,9,163
M0366,2,15,126,4,8.4,1,163
M0367,1,6,45,1,7.5,5,160
M0367,1,10,75,1,7.5,6,160
M0367,1,12,96,1,8.0,4,160
M0367,1,15,110,2,7.33,13,160
M0367,2,6,55,1,9.17,8,179
M0367,2,10,92,2,9.2,2,179
M0367,2,12,106,2,8.83,6,179
M0367,2,15,139,4,9.27,1,179
M0368,1,6,62,4,10.33,6,141
M0368,1,10,88,6,8.8,12,141
M0368,1,12,100,6,8.33,24,141
M0368,1,15,118,7,7.87,42,141
M0368,2,6,51,0,8.5,1,145
M0368,2,10,87,2,8.7,7,145
M0368,2,12,98,2,8.17,2,145
M0368,2,15,109,2,7.27,20,145
M0369,1,6,50,1,8.33,3,159
M0369,1,10,78,4,7.8,10,159
M0369,1,12,97,5,8.08,4,159
M0369,1,15,118,7,7.87,8,159
M0369,2,6,49,4,8.17,7,159
M0369,2,10,72,4,7.2,5,159
M0369,2,12,90,5,7.5,0,159
M0369,2,15,120,7,8.0,5,159
M0370,1,6,55,0,9.17,2,171
M0370,1,10,84,4,8.4,9,171
M0370,1,12,91,5,7.58,21,171
M0370,1,15,114,7,7.6,8,171
M0370,2,6,51,1,8.5,13,152
M0370,2,10,80,1,8.0,5,152
M0370,2,12,103,1,8.58,1,152
M0370,2,15,117,3,7.8,19,152
M0371,1,6,63,1,10.5,1,186
M0371,1,10,110,4,11.0,8,186
M0371,1,12,126,5,10.5,7,186
M0371,1,15,150,6,10.0,4,186
M0371,2,6,52,0,8.67,7,165
M0371,2,10,90,1,9.0,3,165
M0371,2,12,108,2,9.0,0,165
M0371,2,15,137,2,9.13,4,165
M0372,1,6,40,2,6.67,9,144
M0372,1,10,75,2,7.5,2,144
M0372,1,12,86,2,7.17,2,144
M0372,1,15,109,3,7.27,0,144
M0372,2,6,67,1,11.17,11,192
M0372,2,10,94,1,9.4,6,192
M0372,2,12,114,1,9.5,0,192
M0372,2,15,151,1,10.07,1,192
M0373,1,6,30,1,5.0,16,131
M0373,1,10,70,1,7.0,1,131
M0373,1,12,83,2,6.92,0,131
M0373,1,15,101,4,6.73,18,131
M0373,2,6,63,1,10.5,2,175
M0373,2,10,105,2,10.5,1,175
M0373,2,12,120,3,10.0,0,175
M0373,2,15,136,5,9.07,9,175
M0374,1,6,48,4,8.0,8,162
M0374,1,10,88,4,8.8,0,162
M0374,1,12,103,5,8.58,0,162
M0374,1,15,137,6,9.13,3,162
M0374,2,6,51,0,8.5,0,184
M0374,2,10,102,2,10.2,0,184
M0374,2,12,114,2,9.5,1,184
M0374,2,15,134,3,8.93,11,184
M0375,1,6,52,3,8.67,15,126
M0375,1,10,78,3,7.8,6,126
M0375,1,12,88,6,7.33,18,126
M0375,1,15,101,6,6.73,36,126
M0375,2,6,35,2,5.83,3,161
M0375,2,10,77,3,7.7,5,161
M0375,2,12,92,3,7.67,0,161
M0375,2,15,119,3,7.93,6,161
M0376,1,6,54,1,9.0,0,210
M0376,1,10,95,1,9.5,4,210
M0376,1,12,116,1,9.67,0,210
M0376,1,15,139,2,9.27,9,210
M0376,2,6,55,5,9.17,0,150
M0376,2,10,79,5,7.9,10,150
M0376,2,12,102,5,8.5,3,150
M0376,2,15,121,7,8.07,3,150
M0377,1,6,56,1,9.33,7,180
M0377,1,10,85,2,8.5,14,180
M0377,1,12,103,2,8.58,4,180
M0377,1,15,131,2,8.73,4,180
M0377,2,6,59,1,9.83,1,210
M0377,2,10,101,2,10.1,1,210
M0377,2,12,115,2,9.58,11,210
M0377,2,15,162,3,10.8,6,210
M0378,1,6,38,0,6.33,19,154
M0378,1,10,75,1,7.5,5,154
M0378,1,12,88,3,7.33,3,154
M0378,1,15,111,4,7.4,11,154
M0378,2,6,47,3,7.83,3,145
M0378,2,10,66,5,6.6,22,145
M0378,2,12,85,5,7.08,2,145
M0378,2,15,108,6,7.2,0,145
M0379,1,6,48,1,8.0,8,172
M0379,1,10,96,1,9.6,1,172
M0379,1,12,106,2,8.83,9,172
M0379,1,15,130,2,8.67,3,172
M0379,2,6,36,3,6.0,10,139
M0379,2,10,71,4,7.1,5,139
M0379,2,12,83,4,6.92,8,139
M0379,2,15,101,5,6.73,4,139
M0380,1,6,54,0,9.0,1,192
M0380,1,10,94,1,9.4,1,192
M0380,1,12,116,3,9.67,3,192
M0380,1,15,140,3,9.33,0,192
M0380,2,6,54,2,9.0,2,169
M0380,2,10,88,3,8.8,4,169
M0380,2,12,107,4,8.92,4,169
M0380,2,15,132,5,8.8,5,169
M0381,1,6,51,4,8.5,1,153
M0381,1,10,88,4,8.8,0,153
M0381,1,12,106,4,8.83,1,153
M0381,1,15,120,4,8.0,19,153
M0381,2,6,73,3,12.17,3,167
M0381,2,10,95,4,9.5,10,167
M0381,2,12,106,4,8.83,7,167
M0381,2,15,128,6,8.53,14,167
M0382,1,6,45,2,7.5,0,186
M0382,1,10,90,2,9.0,6,186
M0382,1,12,102,2,8.5,7,186
M0382,1,15,136,3,9.07,2,186
M0382,2,6,60,0,10.0,11,190
M0382,2,10,100,0,10.0,3,190
M0382,2,12,122,0,10.17,1,190
M0382,2,15,154,3,10.27,1,190
M0383,1,6,28,3,4.67,2,123
M0383,1,10,61,4,6.1,1,123
M0383,1,12,67,6,5.58,13,123
M0383,1,15,80,6,5.33,31,123
M0383,2,6,32,1,5.33,17,118
M0383,2,10,56,3,5.6,0,118
M0383,2,12,61,5,5.08,12,118
M0383,2,15,68,6,4.53,30,118
M0384,1,6,40,3,6.67,4,164
M0384,1,10,83,4,8.3,4,164
M0384,1,12,89,4,7.42,16,164
M0384,1,15,118,4,7.87,0,164
M0384,2,6,44,1,7.33,8,149
M0384,2,10,78,3,7.8,2,149
M0384,2,12,94,4,7.83,0,149
M0384,2,15,119,5,7.93,0,149
M0385,1,6,33,2,5.5,1,138
M0385,1,10,60,5,6.0,9,138
M0385,1,12,77,6,6.42,1,138
M0385,1,15,104,6,6.93,2,138
M0385,2,6,49,5,8.17,1,144
M0385,2,10,74,6,7.4,11,144
M0385,2,12,86,7,7.17,23,144
M0385,2,15,108,7,7.2,41,144
M0386,1,6,75,0,12.5,4,167
M0386,1,10,95,2,9.5,11,167
M0386,1,12,106,2,8.83,23,167
M0386,1,15,128,2,8.53,5,167
M0386,2,6,78,1,13.0,1,198
M0386,2,10,112,2,11.2,8,198
M0386,2,12,131,3,10.92,6,198
M0386,2,15,159,3,10.6,2,198
M0387,1,6,47,1,7.83,14,126
M0387,1,10,75,3,7.5,12,126
M0387,1,12,86,3,7.17,1,126
M0387,1,15,102,5,6.8,19,126
M0387,2,6,59,0,9.83,0,188
M0387,2,10,92,0,9.2,1,188
M0387,2,12,114,0,9.5,0,188
M0387,2,15,138,1,9.2,4,188
M0388,1,6,41,2,6.83,14,135
M0388,1,10,72,4,7.2,5,135
M0388,1,12,93,5,7.75,1,135
M0388,1,15,107,6,7.13,16,135
M0388,2,6,58,1,9.67,5,161
M0388,2,10,85,3,8.5,10,161
M0388,2,12,103,3,8.58,3,161
M0388,2,15,124,4,8.27,6,161
M0389,1,6,62,0,10.33,0,194
M0389,1,10,110,0,11.0,0,194
M0389,1,12,121,0,10.08,7,194
M0389,1,15,136,2,9.07,5,194
M0389,2,6,42,3,7.0,17,152
M0389,2,10,76,5,7.6,8,152
M0389,2,12,95,5,7.92,2,152
M0389,2,15,118,5,7.87,4,152
M0390,1,6,71,1,11.83,4,212
M0390,1,10,109,2,10.9,4,212
M0390,1,12,131,3,10.92,3,212
M0390,1,15,158,4,10.53,3,212
M0390,2,6,71,2,11.83,5,176
M0390,2,10,102,3,10.2,1,176
M0390,2,12,112,5,9.33,4,176
M0390,2,15,136,7,9.07,10,176
M0391,1,6,63,2,10.5,3,143
M0391,1,10,94,4,9.4,0,143
M0391,1,12,103,5,8.58,12,143
M0391,1,15,114,5,7.6,2,143
M0391,2,6,62,5,10.33,14,165
M0391,2,10,93,5,9.3,12,165
M0391,2,12,110,6,9.17,4,165
M0391,2,15,136,7,9.07,2,165
M0392,1,6,44,4,7.33,2,176
M0392,1,10,85,4,8.5,1,176
M0392,1,12,94,5,7.83,13,176
M0392,1,15,122,5,8.13,1,176
M0392,2,6,48,2,8.0,4,124
M0392,2,10,66,2,6.6,5,124
M0392,2,12,86,2,7.17,2,124
M0392,2,15,99,3,6.6,14,124
M0393,1,6,45,0,7.5,9,170
M0393,1,10,69,1,6.9,5,170
M0393,1,12,85,1,7.08,6,170
M0393,1,15,119,2,7.93,6,170
M0393,2,6,39,0,6.5,0,158
M0393,2,10,82,0,8.2,1,158
M0393,2,12,99,3,8.25,6,158
M0393,2,15,126,4,8.4,11,158
M0394,1,6,42,2,7.0,31,139
M0394,1,10,72,2,7.2,5,139
M0394,1,12,91,2,7.58,0,139
M0394,1,15,114,4,7.6,8,139
M0394,2,6,58,2,9.67,1,178
M0394,2,10,99,3,9.9,12,178
M0394,2,12,114,3,9.5,0,178
M0394,2,15,133,4,8.87,13,178
M0395,1,6,57,1,9.5,11,163
M0395,1,10,98,2,9.8,0,163
M0395,1,12,105,4,8.75,12,163
M0395,1,15,126,5,8.4,30,163
M0395,2,6,48,4,8.0,5,154
M0395,2,10,85,5,8.5,14,154
M0395,2,12,94,5,7.83,26,154
M0395,2,15,125,5,8.33,1,154
M0396,1,6,49,1,8.17,1,141
M0396,1,10,91,5,9.1,2,141
M0396,1,12,100,5,8.33,14,141
M0396,1,15,121,6,8.07,12,141
M0396,2,6,90,1,15.0,0,207
M0396,2,10,115,2,11.5,1,207
M0396,2,12,140,4,11.67,0,207
M0396,2,15,171,5,11.4,2,207
M0397,1,6,42,4,7.0,8,91
M0397,1,10,54,5,5.4,0,91
M0397,1,12,67,6,5.58,4,91
M0397,1,15,74,7,4.93,22,91
M0397,2,6,44,2,7.33,3,169
M0397,2,10,77,3,7.7,6,169
M0397,2,12,96,3,8.0,2,169
M0397,2,15,116,3,7.73,1,169
M0398,1,6,37,3,6.17,7,156
M0398,1,10,87,3,8.7,2,156
M0398,1,12,95,3,7.92,14,156
M0398,1,15,114,3,7.6,3,156
M0398,2,6,75,2,12.5,3,193
M0398,2,10,97,2,9.7,4,193
M0398,2,12,115,3,9.58,4,193
M0398,2,15,151,5,10.07,3,193
M0399,1,6,38,3,6.33,8,153
M0399,1,10,76,5,7.6,0,153
M0399,1,12,86,5,7.17,2,153
M0399,1,15,115,5,7.67,9,153
M0399,2,6,32,1,5.33,4,148
M0399,2,10,68,3,6.8,15,148
M0399,2,12,83,3,6.92,2,148
M0399,2,15,102,5,6.8,2,148
M0400,1,6,45,1,7.5,2,155
M0400,1,10,93,4,9.3,10,155
M0400,1,12,112,4,9.33,22,155
M0400,1,15,121,7,8.07,40,155
M0400,2,6,49,0,8.17,8,200
M0400,2,10,82,1,8.2,12,200
M0400,2,12,105,1,8.75,1,200
M0400,2,15,137,3,9.13,1,200
M0401,1,6,42,3,7.0,9,133
M0401,1,10,61,4,6.1,20,133
M0401,1,12,70,5,5.83,32,133
M0401,1,15,95,6,6.33,8,133
M0401,2,6,48,3,8.0,9,164
M0401,2,10,88,3,8.8,1,164
M0401,2,12,98,4,8.17,5,164
M0401,2,15,125,4,8.33,6,164
M0402,1,6,50,1,8.33,2,163
M0402,1,10,79,2,7.9,0,163
M0402,1,12,91,3,7.58,3,163
M0402,1,15,109,3,7.27,7,163
M0402,2,6,56,1,9.33,8,170
M0402,2,10,96,1,9.6,4,170
M0402,2,12,119,1,9.92,0,170
M0402,2,15,139,4,9.27,10,170
M0403,1,6,62,2,10.33,2,177
M0403,1,10,97,4,9.7,5,177
M0403,1,12,120,4,10.0,3,177
M0403,1,15,137,5,9.13,3,177
M0403,2,6,46,2,7.67,10,174
M0403,2,10,76,3,7.6,9,174
M0403,2,12,90,4,7.5,10,174
M0403,2,15,118,4,7.87,1,174
M0404,1,6,45,0,7.5,6,171
M0404,1,10,63,0,6.3,30,171
M0404,1,12,73,1,6.08,42,171
M0404,1,15,108,2,7.2,5,171
M0404,2,6,54,0,9.0,1,179
M0404,2,10,80,1,8.0,1,179
M0404,2,12,87,1,7.25,13,179
M0404,2,15,130,1,8.67,0,179
M0405,1,6,39,3,6.5,3,135
M0405,1,10,70,4,7.0,4,135
M0405,1,12,92,7,7.67,4,135
M0405,1,15,110,9,7.33,2,135
M0405,2,6,57,1,9.5,9,191
M0405,2,10,94,1,9.4,3,191
M0405,2,12,108,1,9.0,9,191
M0405,2,15,143,1,9.53,5,191
M0406,1,6,33,1,5.5,0,141
M0406,1,10,60,1,6.0,5,141
M0406,1,12,89,1,7.42,1,141
M0406,1,15,108,3,7.2,12,141
M0406,2,6,76,1,12.67,0,175
M0406,2,10,100,1,10.0,1,175
M0406,2,12,109,1,9.08,5,175
M0406,2,15,131,2,8.73,5,175
M0407,1,6,49,1,8.17,4,153
M0407,1,10,83,2,8.3,0,153
M0407,1,12,98,2,8.17,0,153
M0407,1,15,116,3,7.73,2,153
M0407,2,6,56,2,9.33,7,142
M0407,2,10,78,5,7.8,22,142
M0407,2,12,94,5,7.83,2,142
M0407,2,15,116,6,7.73,8,142
M0408,1,6,76,2,12.67,0,152
M0408,1,10,111,4,11.1,2,152
M0408,1,12,122,5,10.17,0,152
M0408,1,15,136,6,9.07,0,152
M0408,2,6,44,3,7.33,7,150
M0408,2,10,76,3,7.6,5,150
M0408,2,12,92,4,7.67,5,150
M0408,2,15,113,4,7.53,7,150
M0409,1,6,52,0,8.67,0,229
M0409,1,10,90,0,9.0,14,229
M0409,1,12,119,0,9.92,0,229
M0409,1,15,157,0,10.47,3,229
M0409,2,6,54,1,9.0,3,173
M0409,2,10,87,1,8.7,0,173
M0409,2,12,95,1,7.92,0,173
M0409,2,15,127,2,8.47,4,173
M0410,1,6,72,0,12.0,4,216
M0410,1,10,113,0,11.3,3,216
M0410,1,12,132,0,11.0,2,216
M0410,1,15,156,1,10.4,5,216
M0410,2,6,48,3,8.0,8,144
M0410,2,10,78,3,7.8,4,144
M0410,2,12,89,5,7.42,3,144
M0410,2,15,100,6,6.67,9,144
M0411,1,6,41,1,6.83,4,143
M0411,1,10,65,2,6.5,10,143
M0411,1,12,85,2,7.08,6,143
M0411,1,15,110,3,7.33,3,143
M0411,2,6,54,2,9.0,6,191
M0411,2,10,101,2,10.1,3,191
M0411,2,12,116,2,9.67,5,191
M0411,2,15,145,2,9.67,3,191
M0412,1,6,30,3,5.0,12,141
M0412,1,10,61,5,6.1,1,141
M0412,1,12,71,5,5.92,11,141
M0412,1,15,90,5,6.0,15,141
M0412,2,6,56,1,9.33,1,171
M0412,2,10,87,1,8.7,2,171
M0412,2,12,111,2,9.25,2,171
M0412,2,15,133,4,8.87,1,171
M0413,1,6,42,2,7.0,0,186
M0413,1,10,80,4,8.0,2,186
M0413,1,12,95,4,7.92,3,186
M0413,1,15,122,4,8.13,3,186
M0413,2,6,45,1,7.5,7,127
M0413,2,10,66,2,6.6,9,127
M0413,2,12,78,2,6.5,21,127
M0413,2,15,97,3,6.47,0,127
M0414,1,6,59,2,9.83,6,158
M0414,1,10,87,5,8.7,1,158
M0414,1,12,100,5,8.33,9,158
M0414,1,15,121,5,8.07,4,158
M0414,2,6,52,3,8.67,31,157
M0414,2,10,86,3,8.6,6,157
M0414,2,12,101,3,8.42,18,157
M0414,2,15,115,4,7.67,36,157
M0415,1,6,34,2,5.67,11,137
M0415,1,10,66,3,6.6,2,137
M0415,1,12,78,3,6.5,6,137
M0415,1,15,94,3,6.27,3,137
M0415,2,6,72,0,12.0,4,159
M0415,2,10,109,2,10.9,2,159
M0415,2,12,128,2,10.67,0,159
M0415,2,15,144,3,9.6,18,159
M0416,1,6,43,2,7.17,13,150
M0416,1,10,81,3,8.1,12,150
M0416,1,12,91,3,7.58,6,150
M0416,1,15,108,4,7.2,2,150
M0416,2,6,44,2,7.33,2,138
M0416,2,10,74,3,7.4,1,138
M0416,2,12,90,5,7.5,4,138
M0416,2,15,117,5,7.8,2,138
M0417,1,6,53,3,8.83,3,153
M0417,1,10,87,4,8.7,4,153
M0417,1,12,95,4,7.92,16,153
M0417,1,15,116,4,7.73,3,153
M0417,2,6,41,2,6.83,1,168
M0417,2,10,96,3,9.6,0,168
M0417,2,12,107,3,8.92,2,168
M0417,2,15,117,4,7.8,20,168
M0418,1,6,62,1,10.33,0,200
M0418,1,10,102,2,10.2,0,200
M0418,1,12,127,2,10.58,0,200
M0418,1,15,163,4,10.87,6,200
M0418,2,6,52,3,8.67,14,144
M0418,2,10,85,5,8.5,2,144
M0418,2,12,98,5,8.17,0,144
M0418,2,15,116,6,7.73,8,144
M0419,1,6,69,1,11.5,0,148
M0419,1,10,100,4,10.0,11,148
M0419,1,12,112,4,9.33,6,148
M0419,1,15,124,5,8.27,4,148
M0419,2,6,48,3,8.0,0,162
M0419,2,10,83,3,8.3,3,162
M0419,2,12,97,3,8.08,1,162
M0419,2,15,116,5,7.73,1,162
M0420,1,6,35,2,5.83,4,155
M0420,1,10,71,4,7.1,1,155
M0420,1,12,91,4,7.58,0,155
M0420,1,15,117,4,7.8,0,155
M0420,2,6,72,1,12.0,0,173
M0420,2,10,96,2,9.6,1,173
M0420,2,12,110,2,9.17,8,173
M0420,2,15,123,2,8.2,7,173
M0421,1,6,46,1,7.67,6,130
M0421,1,10,75,3,7.5,14,130
M0421,1,12,87,4,7.25,11,130
M0421,1,15,105,5,7.0,5,130
M0421,2,6,53,1,8.83,10,184
M0421,2,10,88,1,8.8,6,184
M0421,2,12,115,2,9.58,0,184
M0421,2,15,139,5,9.27,13,184
M0422,1,6,44,3,7.33,2,133
M0422,1,10,57,3,5.7,26,133
M0422,1,12,71,5,5.92,3,133
M0422,1,15,90,5,6.0,10,133
M0422,2,6,45,1,7.5,2,169
M0422,2,10,75,2,7.5,5,169
M0422,2,12,80,2,6.67,17,169
M0422,2,15,106,2,7.07,3,169
M0423,1,6,56,1,9.33,3,176
M0423,1,10,106,1,10.6,3,176
M0423,1,12,121,1,10.08,3,176
M0423,1,15,145,3,9.67,2,176
M0423,2,6,58,0,9.67,0,181
M0423,2,10,100,1,10.0,0,181
M0423,2,12,108,3,9.0,12,181
M0423,2,15,130,3,8.67,8,181
M0424,1,6,45,1,7.5,2,165
M0424,1,10,73,2,7.3,1,165
M0424,1,12,81,2,6.75,13,165
M0424,1,15,117,2,7.8,1,165
M0424,2,6,42,5,7.0,36,57
M0425,1,6,48,2,8.0,1,163
M0425,1,10,81,3,8.1,9,163
M0425,1,12,92,3,7.67,3,163
M0425,1,15,120,5,8.0,1,163
M0425,2,6,54,1,9.0,11,172
M0425,2,10,91,1,9.1,9,172
M0425,2,12,104,3,8.67,0,172
M0425,2,15,129,3,8.6,2,172
M0426,1,6,41,1,6.83,2,169
M0426,1,10,83,1,8.3,15,169
M0426,1,12,96,2,8.0,27,169
M0426,1,15,122,3,8.13,5,169
M0426,2,6,52,0,8.67,1,171
M0426,2,10,93,0,9.3,0,171
M0426,2,12,108,0,9.0,1,171
M0426,2,15,130,1,8.67,9,171
M0427,1,6,51,2,8.5,4,156
M0427,1,10,80,3,8.0,3,156
M0427,1,12,99,4,8.25,4,156
M0427,1,15,127,4,8.47,6,156
M0427,2,6,34,3,5.67,3,112
M0427,2,10,52,5,5.2,12,112
M0427,2,12,62,6,5.17,6,112
M0427,2,15,82,7,5.47,0,112
M0428,1,6,73,2,12.17,6,171
M0428,1,10,96,3,9.6,0,171
M0428,1,12,104,4,8.67,12,171
M0428,1,15,135,4,9.0,4,171
M0428,2,6,45,1,7.5,1,159
M0428,2,10,85,1,8.5,5,159
M0428,2,12,108,1,9.0,5,159
M0428,2,15,130,2,8.67,2,159
M0429,1,6,33,3,5.5,4,134
M0429,1,10,67,4,6.7,3,134
M0429,1,12,79,4,6.58,9,134
M0429,1,15,99,5,6.6,2,134
M0429,2,6,57,0,9.5,0,164
M0429,2,10,92,0,9.2,3,164
M0429,2,12,106,1,8.83,3,164
M0429,2,15,132,2,8.8,5,164
M0430,1,6,64,1,10.67,3,191
M0430,1,10,105,3,10.5,2,191
M0430,1,12,125,3,10.42,0,191
M0430,1,15,151,3,10.07,0,191
M0430,2,6,54,1,9.0,4,161
M0430,2,10,73,1,7.3,0,161
M0430,2,12,91,2,7.58,8,161
M0430,2,15,113,2,7.53,6,161
M0431,1,6,54,1,9.0,4,153
M0431,1,10,81,4,8.1,0,153
M0431,1,12,92,4,7.67,2,153
M0431,1,15,112,4,7.47,0,153
M0431,2,6,59,0,9.83,2,162
M0431,2,10,89,1,8.9,2,162
M0431,2,12,103,1,8.58,14,162
M0431,2,15,115,1,7.67,32,162
M0432,1,6,40,2,6.67,4,147
M0432,1,10,61,2,6.1,17,147
M0432,1,12,80,2,6.67,3,147
M0432,1,15,102,3,6.8,8,147
M0432,2,6,62,2,10.33,10,160
M0432,2,10,86,2,8.6,18,160
M0432,2,12,99,3,8.25,2,160
M0432,2,15,136,4,9.07,0,160
M0433,1,6,52,0,8.67,0,188
M0433,1,10,88,1,8.8,1,188
M0433,1,12,101,1,8.42,1,188
M0433,1,15,133,1,8.87,5,188
M0433,2,6,67,2,11.17,8,194
M0433,2,10,111,4,11.1,5,194
M0433,2,12,131,4,10.92,0,194
M0433,2,15,156,5,10.4,0,194
M0434,1,6,41,2,6.83,3,185
M0434,1,10,74,2,7.4,1,185
M0434,1,12,92,2,7.67,1,185
M0434,1,15,121,2,8.07,7,185
M0434,2,6,67,0,11.17,2,182
M0434,2,10,85,1,8.5,16,182
M0434,2,12,100,1,8.33,0,182
M0434,2,15,134,1,8.93,6,182
M0435,1,6,45,4,7.5,12,97
M0435,1,10,69,5,6.9,2,97
M0435,1,12,84,7,7.0,11,97
M0435,1,15,97,9,6.47,3,97
M0435,2,6,73,3,12.17,9,179
M0435,2,10,91,3,9.1,7,179
M0435,2,12,124,3,10.33,1,179
M0435,2,15,150,3,10.0,8,179
M0436,1,6,45,3,7.5,8,157
M0436,1,10,83,5,8.3,13,157
M0436,1,12,94,5,7.83,7,157
M0436,1,15,112,8,7.47,3,157
M0436,2,6,55,1,9.17,2,177
M0436,2,10,91,3,9.1,6,177
M0436,2,12,107,3,8.92,4,177
M0436,2,15,139,5,9.27,4,177
M0437,1,6,67,1,11.17,0,174
M0437,1,10,96,1,9.6,2,174
M0437,1,12,108,2,9.0,4,174
M0437,1,15,120,3,8.0,17,174
M0437,2,6,50,1,8.33,1,149
M0437,2,10,80,4,8.0,6,149
M0437,2,12,95,6,7.92,1,149
M0437,2,15,110,7,7.33,10,149
M0438,1,6,37,3,6.17,3,172
M0438,1,10,83,4,8.3,0,172
M0438,1,12,106,4,8.83,4,172
M0438,1,15,134,5,8.93,3,172
M0438,2,6,55,2,9.17,2,171
M0438,2,10,100,2,10.0,5,171
M0438,2,12,117,3,9.75,1,171
M0438,2,15,133,5,8.87,6,171
M0439,1,6,64,1,10.67,1,193
M0439,1,10,103,3,10.3,6,193
M0439,1,12,117,3,9.75,3,193
M0439,1,15,160,3,10.67,1,193
M0439,2,6,59,2,9.83,2,134
M0439,2,10,85,5,8.5,13,134
M0439,2,12,104,7,8.67,4,134
M0439,2,15,125,8,8.33,5,134
M0440,1,6,45,3,7.5,1,156
M0440,1,10,94,3,9.4,1,156
M0440,1,12,108,4,9.0,2,156
M0440,1,15,123,4,8.2,16,156
M0440,2,6,43,1,7.17,10,146
M0440,2,10,61,3,6.1,23,146
M0440,2,12,69,4,5.75,9,146
M0440,2,15,88,4,5.87,1,146
M0441,1,6,55,1,9.17,5,160
M0441,1,10,87,3,8.7,4,160
M0441,1,12,105,4,8.75,0,160
M0441,1,15,133,5,8.87,6,160
M0441,2,6,51,2,8.5,6,155
M0441,2,10,100,4,10.0,3,155
M0441,2,12,112,5,9.33,7,155
M0441,2,15,125,6,8.33,0,155
M0442,1,6,34,1,5.67,8,161
M0442,1,10,70,1,7.0,4,161
M0442,1,12,96,3,8.0,4,161
M0442,1,15,114,5,7.6,2,161
M0442,2,6,44,3,7.33,2,144
M0442,2,10,66,3,6.6,4,144
M0442,2,12,84,4,7.0,4,144
M0442,2,15,107,4,7.13,0,144
M0443,1,6,54,1,9.0,5,166
M0443,1,10,84,3,8.4,15,166
M0443,1,12,94,3,7.83,8,166
M0443,1,15,111,3,7.4,7,166
M0443,2,6,66,0,11.0,9,200
M0443,2,10,91,1,9.1,6,200
M0443,2,12,113,1,9.42,0,200
M0443,2,15,140,1,9.33,0,200
M0444,1,6,36,4,6.0,13,139
M0444,1,10,69,4,6.9,1,139
M0444,1,12,90,6,7.5,0,139
M0444,1,15,98,6,6.53,18,139
M0444,2,6,34,1,5.67,17,185
M0444,2,10,75,1,7.5,3,185
M0444,2,12,87,2,7.25,15,185
M0444,2,15,128,3,8.53,2,185
M0445,1,6,49,1,8.17,9,151
M0445,1,10,78,1,7.8,10,151
M0445,1,12,90,3,7.5,22,151
M0445,1,15,113,5,7.53,4,151
M0445,2,6,58,1,9.67,1,163
M0445,2,10,81,2,8.1,13,163
M0445,2,12,96,2,8.0,0,163
M0445,2,15,125,2,8.33,4,163
M0446,1,6,25,2,4.17,36,108
M0446,1,10,42,5,4.2,60,108
M0446,1,12,57,5,4.75,8,108
M0446,1,15,73,6,4.87,8,108
M0446,2,6,28,4,4.67,1,103
M0446,2,10,49,4,4.9,1,103
M0446,2,12,52,6,4.33,13,103
M0446,2,15,68,6,4.53,1,103
M0447,1,6,51,0,8.5,1,163
M0447,1,10,78,1,7.8,1,163
M0447,1,12,100,1,8.33,0,163
M0447,1,15,123,1,8.2,5,163
M0447,2,6,50,1,8.33,2,200
M0447,2,10,91,1,9.1,6,200
M0447,2,12,107,1,8.92,0,200
M0447,2,15,144,1,9.6,3,200
M0448,1,6,55,1,9.17,2,165
M0448,1,10,89,2,8.9,6,165
M0448,1,12,96,2,8.0,18,165
M0448,1,15,129,5,8.6,2,165
M0448,2,6,45,2,7.5,8,113
M0448,2,10,70,4,7.0,5,113
M0448,2,12,84,6,7.0,8,113
M0448,2,15,105,8,7.0,11,113
M0449,1,6,54,0,9.0,3,161
M0449,1,10,88,0,8.8,17,161
M0449,1,12,99,1,8.25,29,161
M0449,1,15,116,2,7.73,47,161
M0449,2,6,49,5,8.17,3,116
M0449,2,10,83,9,8.3,0,116
M0449,2,12,97,9,8.08,3,116
M0449,2,15,114,9,7.6,7,116
M0450,1,6,45,2,7.5,2,157
M0450,1,10,76,3,7.6,10,157
M0450,1,12,91,3,7.58,1,157
M0450,1,15,119,5,7.93,2,157
M0450,2,6,64,0,10.67,4,181
M0450,2,10,96,1,9.6,0,181
M0450,2,12,121,1,10.08,0,181
M0450,2,15,139,2,9.27,7,181
M0451,1,6,24,1,4.0,3,141
M0451,1,10,65,1,6.5,0,141
M0451,1,12,81,2,6.75,2,141
M0451,1,15,98,3,6.53,12,141
M0451,2,6,43,3,7.17,11,136
M0451,2,10,62,6,6.2,7,136
M0451,2,12,79,6,6.58,6,136
M0451,2,15,99,6,6.6,3,136
M0452,1,6,62,2,10.33,1,197
M0452,1,10,88,3,8.8,12,197
M0452,1,12,113,3,9.42,5,197
M0452,1,15,141,4,9.4,3,197
M0452,2,6,40,0,6.67,30,144
M0452,2,10,65,0,6.5,20,144
M0452,2,12,86,0,7.17,32,144
M0452,2,15,105,3,7.0,15,144
M0453,1,6,34,1,5.67,4,131
M0453,1,10,72,3,7.2,1,131
M0453,1,12,81,4,6.75,13,131
M0453,1,15,110,6,7.33,2,131
M0453,2,6,65,2,10.83,6,173
M0453,2,10,99,4,9.9,4,173
M0453,2,12,118,4,9.83,4,173
M0453,2,15,137,4,9.13,2,173
M0454,1,6,44,1,7.33,0,160
M0454,1,10,79,2,7.9,3,160
M0454,1,12,92,3,7.67,10,160
M0454,1,15,120,3,8.0,2,160
M0454,2,6,56,1,9.33,2,170
M0454,2,10,98,3,9.8,6,170
M0454,2,12,110,3,9.17,11,170
M0454,2,15,135,4,9.0,6,170
M0455,1,6,58,2,9.67,4,159
M0455,1,10,79,2,7.9,1,159
M0455,1,12,89,2,7.42,8,159
M0455,1,15,113,3,7.53,0,159
M0455,2,6,45,4,7.5,9,143
M0455,2,10,83,7,8.3,0,143
M0455,2,12,92,7,7.67,12,143
M0455,2,15,114,8,7.6,9,143
M0456,1,6,51,1,8.5,1,176
M0456,1,10,80,2,8.0,3,176
M0456,1,12,98,2,8.17,0,176
M0456,1,15,131,2,8.73,4,176
M0456,2,6,34,2,5.67,15,141
M0456,2,10,71,2,7.1,0,141
M0456,2,12,85,2,7.08,5,141
M0456,2,15,105,4,7.0,13,141
M0457,1,6,55,0,9.17,3,172
M0457,1,10,85,0,8.5,3,172
M0457,1,12,114,0,9.5,2,172
M0457,1,15,131,2,8.73,6,172
M0457,2,6,48,2,8.0,11,147
M0457,2,10,70,2,7.0,14,147
M0457,2,12,89,2,7.42,8,147
M0457,2,15,110,4,7.33,6,147
M0458,1,6,49,1,8.17,1,182
M0458,1,10,87,2,8.7,3,182
M0458,1,12,102,2,8.5,3,182
M0458,1,15,135,4,9.0,11,182
M0458,2,6,69,2,11.5,2,193
M0458,2,10,96,3,9.6,9,193
M0458,2,12,127,4,10.58,2,193
M0458,2,15,149,5,9.93,9,193
M0459,1,6,55,2,9.17,6,151
M0459,1,10,88,4,8.8,1,151
M0459,1,12,108,4,9.0,4,151
M0459,1,15,118,4,7.87,22,151
M0459,2,6,45,1,7.5,8,146
M0459,2,10,71,2,7.1,15,146
M0459,2,12,88,2,7.33,5,146
M0459,2,15,102,4,6.8,6,146
M0460,1,6,35,0,5.83,10,154
M0460,1,10,67,1,6.7,11,154
M0460,1,12,86,3,7.17,0,154
M0460,1,15,115,4,7.67,0,154
M0460,2,6,63,1,10.5,0,175
M0460,2,10,95,1,9.5,5,175
M0460,2,12,111,2,9.25,8,175
M0460,2,15,134,3,8.93,4,175
M0461,1,6,108,0,18.0,0,246
M0461,1,10,162,2,16.2,0,246
M0461,1,12,172,3,14.33,8,246
M0461,1,15,211,4,14.07,0,246
M0461,2,6,49,1,8.17,6,144
M0461,2,10,80,1,8.0,4,144
M0461,2,12,100,3,8.33,2,144
M0461,2,15,121,3,8.07,0,144
M0462,1,6,50,3,8.33,2,152
M0462,1,10,74,3,7.4,7,152
M0462,1,12,94,3,7.83,0,152
M0462,1,15,119,4,7.93,1,152
M0462,2,6,50,1,8.33,0,154
M0462,2,10,84,2,8.4,3,154
M0462,2,12,101,3,8.42,5,154
M0462,2,15,120,3,8.0,0,154
M0463,1,6,41,4,6.83,9,134
M0463,1,10,60,5,6.0,8,134
M0463,1,12,76,5,6.33,4,134
M0463,1,15,93,5,6.2,1,134
M0463,2,6,46,1,7.67,5,132
M0463,2,10,69,3,6.9,15,132
M0463,2,12,76,4,6.33,27,132
M0463,2,15,110,6,7.33,0,132
M0464,1,6,51,2,8.5,0,175
M0464,1,10,82,2,8.2,3,175
M0464,1,12,95,2,7.92,7,175
M0464,1,15,132,2,8.8,3,175
M0464,2,6,46,2,7.67,2,153
M0464,2,10,75,5,7.5,1,153
M0464,2,12,93,6,7.75,0,153
M0464,2,15,125,6,8.33,1,153
M0465,1,6,41,1,6.83,12,157
M0465,1,10,80,2,8.0,5,157
M0465,1,12,92,3,7.67,17,157
M0465,1,15,121,4,8.07,1,157
M0465,2,6,68,1,11.33,3,210
M0465,2,10,106,1,10.6,4,210
M0465,2,12,138,1,11.5,2,210
M0465,2,15,164,2,10.93,3,210
M0466,1,6,63,1,10.5,0,173
M0466,1,10,100,2,10.0,7,173
M0466,1,12,120,2,10.0,0,173
M0466,1,15,128,4,8.53,18,173
M0466,2,6,48,1,8.0,10,183
M0466,2,10,90,2,9.0,4,183
M0466,2,12,109,2,9.08,4,183
M0466,2,15,132,2,8.8,0,183
M0467,1,6,66,1,11.0,0,152
M0467,1,10,103,3,10.3,2,152
M0467,1,12,108,4,9.0,14,152
M0467,1,15,122,5,8.13,8,152
M0467,2,6,49,0,8.17,1,204
M0467,2,10,94,0,9.4,2,204
M0467,2,12,110,1,9.17,3,204
M0467,2,15,145,3,9.67,1,204
M0468,1,6,47,2,7.83,0,141
M0468,1,10,77,2,7.7,4,141
M0468,1,12,89,4,7.42,5,141
M0468,1,15,113,4,7.53,15,141
M0468,2,6,59,1,9.83,3,198
M0468,2,10,103,2,10.3,0,198
M0468,2,12,124,2,10.33,3,198
M0468,2,15,150,2,10.0,5,198
M0469,1,6,47,1,7.83,10,144
M0469,1,10,65,2,6.5,13,144
M0469,1,12,79,3,6.58,6,144
M0469,1,15,100,4,6.67,9,144
M0469,2,6,57,0,9.5,10,160
M0469,2,10,81,2,8.1,34,160
M0469,2,12,105,4,8.75,3,160
M0469,2,15,126,5,8.4,21,160
M0470,1,6,37,0,6.17,4,163
M0470,1,10,79,0,7.9,0,163
M0470,1,12,102,1,8.5,2,163
M0470,1,15,129,1,8.6,6,163
M0470,2,6,52,1,8.67,3,152
M0470,2,10,84,3,8.4,4,152
M0470,2,12,99,4,8.25,4,152
M0470,2,15,119,4,7.93,1,152
M0471,1,6,70,2,11.67,0,163
M0471,1,10,103,4,10.3,0,163
M0471,1,12,115,4,9.58,5,163
M0471,1,15,132,4,8.8,16,163
M0471,2,6,35,1,5.83,8,155
M0471,2,10,71,1,7.1,5,155
M0471,2,12,83,1,6.92,5,155
M0471,2,15,114,1,7.6,3,155
M0472,1,6,53,3,8.83,4,134
M0472,1,10,76,5,7.6,4,134
M0472,1,12,99,5,8.25,3,134
M0472,1,15,114,7,7.6,5,134
M0472,2,6,38,2,6.33,9,164
M0472,2,10,66,2,6.6,5,164
M0472,2,12,77,2,6.42,2,164
M0472,2,15,113,3,7.53,0,164
M0473,1,6,74,0,12.33,1,198
M0473,1,10,103,0,10.3,1,198
M0473,1,12,128,1,10.67,4,198
M0473,1,15,151,1,10.07,12,198
M0473,2,6,58,1,9.67,2,195
M0473,2,10,87,2,8.7,5,195
M0473,2,12,121,2,10.08,1,195
M0473,2,15,141,3,9.4,0,195
M0474,1,6,51,3,8.5,10,131
M0474,1,10,78,3,7.8,20,131
M0474,1,12,89,4,7.42,32,131
M0474,1,15,105,4,7.0,50,131
M0474,2,6,70,0,11.67,1,204
M0474,2,10,95,1,9.5,4,204
M0474,2,12,121,1,10.08,0,204
M0474,2,15,142,1,9.47,5,204
M0475,1,6,60,3,10.0,0,179
M0475,1,10,84,4,8.4,20,179
M0475,1,12,117,6,9.75,1,179
M0475,1,15,132,7,8.8,1,179
M0475,2,6,49,4,8.17,3,165
M0475,2,10,77,6,7.7,4,165
M0475,2,12,93,6,7.75,1,165
M0475,2,15,121,7,8.07,1,165
M0476,1,6,51,1,8.5,17,188
M0476,1,10,84,1,8.4,0,188
M0476,1,12,103,2,8.58,0,188
M0476,1,15,133,2,8.87,10,188
M0476,2,6,52,3,8.67,0,166
M0476,2,10,89,3,8.9,0,166
M0476,2,12,103,3,8.58,10,166
M0476,2,15,133,4,8.87,6,166
M0477,1,6,56,4,9.33,1,124
M0477,1,10,75,5,7.5,0,124
M0477,1,12,81,5,6.75,12,124
M0477,1,15,93,6,6.2,30,124
M0477,2,6,55,3,9.17,4,177
M0477,2,10,95,4,9.5,2,177
M0477,2,12,111,4,9.25,3,177
M0477,2,15,134,4,8.93,4,177
M0478,1,6,47,2,7.83,11,129
M0478,1,10,78,2,7.8,16,129
M0478,1,12,89,3,7.42,28,129
M0478,1,15,105,5,7.0,10,129
M0478,2,6,57,2,9.5,4,208
M0478,2,10,93,2,9.3,0,208
M0478,2,12,111,3,9.25,10,208
M0478,2,15,143,3,9.53,0,208
M0479,1,6,44,1,7.33,3,163
M0479,1,10,80,2,8.0,1,163
M0479,1,12,96,3,8.0,6,163
M0479,1,15,123,5,8.2,5,163
M0479,2,6,32,2,5.33,20,128
M0479,2,10,60,4,6.0,11,128
M0479,2,12,77,4,6.42,0,128
M0479,2,15,98,4,6.53,7,128
M0480,1,6,56,0,9.33,3,178
M0480,1,10,93,1,9.3,5,178
M0480,1,12,120,2,10.0,4,178
M0480,1,15,139,2,9.27,5,178
M0480,2,6,46,2,7.67,2,124
M0480,2,10,77,4,7.7,5,124
M0480,2,12,87,5,7.25,3,124
M0480,2,15,111,7,7.4,5,124
M0481,1,6,64,2,10.67,0,173
M0481,1,10,106,4,10.6,4,173
M0481,1,12,123,5,10.25,2,173
M0481,1,15,146,6,9.73,2,173
M0481,2,6,51,2,8.5,6,141
M0481,2,10,70,2,7.0,6,141
M0481,2,12,84,2,7.0,2,141
M0481,2,15,107,3,7.13,4,141
M0482,1,6,50,1,8.33,7,192
M0482,1,10,85,1,8.5,2,192
M0482,1,12,99,3,8.25,2,192
M0482,1,15,136,4,9.07,2,192
M0482,2,6,52,1,8.67,14,156
M0482,2,10,85,3,8.5,0,156
M0482,2,12,99,3,8.25,1,156
M0482,2,15,111,3,7.4,13,156
M0483,1,6,62,2,10.33,8,181
M0483,1,10,83,3,8.3,3,181
M0483,1,12,100,3,8.33,5,181
M0483,1,15,115,3,7.67,14,181
M0483,2,6,66,0,11.0,7,208
M0483,2,10,107,1,10.7,5,208
M0483,2,12,137,1,11.42,0,208
M0483,2,15,167,1,11.13,1,208
M0484,1,6,49,3,8.17,10,141
M0484,1,10,72,3,7.2,10,141
M0484,1,12,82,3,6.83,5,141
M0484,1,15,107,3,7.13,3,141
M0484,2,6,54,1,9.0,6,163
M0484,2,10,84,2,8.4,2,163
M0484,2,12,107,4,8.92,2,163
M0484,2,15,129,5,8.6,3,163
M0485,1,6,76,0,12.67,0,228
M0485,1,10,124,0,12.4,5,228
M0485,1,12,144,0,12.0,6,228
M0485,1,15,172,1,11.47,8,228
M0485,2,6,46,1,7.67,18,153
M0485,2,10,71,2,7.1,2,153
M0485,2,12,85,3,7.08,14,153
M0485,2,15,101,4,6.73,32,153
M0486,1,6,46,1,7.67,4,195
M0486,1,10,80,2,8.0,4,195
M0486,1,12,100,3,8.33,4,195
M0486,1,15,151,4,10.07,2,195
M0486,2,6,45,2,7.5,3,153
M0486,2,10,67,3,6.7,11,153
M0486,2,12,91,3,7.58,1,153
M0486,2,15,123,3,8.2,2,153
M0487,1,6,46,2,7.67,9,150
M0487,1,10,75,5,7.5,2,150
M0487,1,12,90,5,7.5,3,150
M0487,1,15,104,5,6.93,8,150
M0487,2,6,62,1,10.33,0,173
M0487,2,10,98,1,9.8,2,173
M0487,2,12,111,1,9.25,11,173
M0487,2,15,128,3,8.53,3,173
M0488,1,6,52,0,8.67,0,154
M0488,1,10,77,0,7.7,11,154
M0488,1,12,93,2,7.75,2,154
M0488,1,15,116,3,7.73,2,154
M0488,2,6,56,1,9.33,1,168
M0488,2,10,85,2,8.5,12,168
M0488,2,12,104,3,8.67,0,168
M0488,2,15,127,5,8.47,0,168
M0489,1,6,45,1,7.5,2,161
M0489,1,10,87,2,8.7,3,161
M0489,1,12,100,2,8.33,1,161
M0489,1,15,119,3,7.93,11,161
M0489,2,6,85,4,14.17,0,169
M0489,2,10,109,5,10.9,2,169
M0489,2,12,113,5,9.42,14,169
M0489,2,15,132,5,8.8,10,169
M0490,1,6,67,2,11.17,3,189
M0490,1,10,93,2,9.3,4,189
M0490,1,12,116,2,9.67,0,189
M0490,1,15,128,3,8.53,3,189
M0490,2,6,40,1,6.67,16,147
M0490,2,10,71,1,7.1,11,147
M0490,2,12,87,3,7.25,2,147
M0490,2,15,101,4,6.73,12,147
M0491,1,6,66,1,11.0,4,159
M0491,1,10,107,2,10.7,2,159
M0491,1,12,114,3,9.5,14,159
M0491,1,15,128,4,8.53,6,159
M0491,2,6,52,2,8.67,0,179
M0491,2,10,87,2,8.7,9,179
M0491,2,12,116,2,9.67,2,179
M0491,2,15,139,5,9.27,4,179
M0492,1,6,43,1,7.17,10,172
M0492,1,10,85,1,8.5,6,172
M0492,1,12,97,2,8.08,7,172
M0492,1,15,127,2,8.47,6,172
M0492,2,6,41,0,6.83,1,162
M0492,2,10,73,0,7.3,4,162
M0492,2,12,90,0,7.5,5,162
M0492,2,15,112,0,7.47,6,162
M0493,1,6,56,1,9.33,7,165
M0493,1,10,87,3,8.7,2,165
M0493,1,12,117,4,9.75,0,165
M0493,1,15,128,4,8.53,18,165
M0493,2,6,45,1,7.5,7,178
M0493,2,10,77,3,7.7,7,178
M0493,2,12,101,4,8.42,7,178
M0493,2,15,148,6,9.87,4,178
M0494,1,6,62,1,10.33,2,185
M0494,1,10,93,2,9.3,14,185
M0494,1,12,105,3,8.75,3,185
M0494,1,15,130,5,8.67,8,185
M0494,2,6,75,0,12.5,0,194
M0494,2,10,112,2,11.2,0,194
M0494,2,12,134,2,11.17,1,194
M0494,2,15,153,2,10.2,2,194
M0495,1,6,37,2,6.17,5,130
M0495,1,10,72,4,7.2,3,130
M0495,1,12,82,5,6.83,8,130
M0495,1,15,95,5,6.33,26,130
M0495,2,6,59,2,9.83,1,151
M0495,2,10,80,5,8.0,16,151
M0495,2,12,90,6,7.5,6,151
M0495,2,15,122,7,8.13,0,151
M0496,1,6,52,1,8.67,11,157
M0496,1,10,69,2,6.9,11,157
M0496,1,12,97,2,8.08,1,157
M0496,1,15,120,4,8.0,3,157
M0496,2,6,48,2,8.0,0,177
M0496,2,10,73,2,7.3,4,177
M0496,2,12,91,2,7.58,1,177
M0496,2,15,125,3,8.33,3,177
M0497,1,6,48,2,8.0,7,149
M0497,1,10,83,2,8.3,2,149
M0497,1,12,95,2,7.92,3,149
M0497,1,15,110,5,7.33,21,149
M0497,2,6,63,1,10.5,1,204
M0497,2,10,126,1,12.6,4,204
M0497,2,12,137,2,11.42,1,204
M0497,2,15,168,3,11.2,1,204
M0498,1,6,39,2,6.5,16,157
M0498,1,10,72,3,7.2,0,157
M0498,1,12,81,3,6.75,12,157
M0498,1,15,124,4,8.27,6,157
M0498,2,6,47,0,7.83,6,142
M0498,2,10,80,0,8.0,12,142
M0498,2,12,97,1,8.08,8,142
M0498,2,15,106,3,7.07,26,142
M0499,1,6,44,2,7.33,6,150
M0499,1,10,71,3,7.1,0,150
M0499,1,12,87,3,7.25,1,150
M0499,1,15,108,3,7.2,19,150
M0499,2,6,55,2,9.17,3,158
M0499,2,10,93,2,9.3,1,158
M0499,2,12,110,2,9.17,4,158
M0499,2,15,122,2,8.13,1,158
M0500,1,6,78,1,13.0,0,226
M0500,1,10,124,2,12.4,4,226
M0500,1,12,153,4,12.75,1,226
M0500,1,15,172,5,11.47,9,226
M0500,2,6,49,1,8.17,2,153
M0500,2,10,76,2,7.6,5,153
M0500,2,12,93,2,7.75,5,153
M0500,2,15,116,3,7.73,0,153
M0501,1,6,47,2,7.83,16,174
M0501,1,10,71,3,7.1,6,174
M0501,1,12,82,3,6.83,5,174
M0501,1,15,110,4,7.33,2,174
M0501,2,6,50,2,8.33,7,137
M0501,2,10,83,3,8.3,10,137
M0501,2,12,99,5,8.25,4,137
M0501,2,15,118,6,7.87,4,137
M0502,1,6,51,4,8.5,0,156
M0502,1,10,80,4,8.0,2,156
M0502,1,12,99,5,8.25,4,156
M0502,1,15,115,5,7.67,4,156
M0502,2,6,51,2,8.5,2,148
M0502,2,10,90,3,9.0,0,148
M0502,2,12,99,3,8.25,0,148
M0502,2,15,114,3,7.6,0,148
M0503,1,6,60,1,10.0,9,159
M0503,1,10,94,1,9.4,5,159
M0503,1,12,105,1,8.75,9,159
M0503,1,15,124,3,8.27,2,159
M0503,2,6,48,0,8.0,10,168
M0503,2,10,81,0,8.1,1,168
M0503,2,12,98,0,8.17,3,168
M0503,2,15,120,3,8.0,5,168
M0504,1,6,56,1,9.33,3,147
M0504,1,10,85,3,8.5,15,147
M0504,1,12,106,5,8.83,1,147
M0504,1,15,121,8,8.07,9,147
M0504,2,6,48,2,8.0,1,158
M0504,2,10,83,2,8.3,9,158
M0504,2,12,93,2,7.75,5,158
M0504,2,15,116,2,7.73,8,158
M0505,1,6,43,2,7.17,6,148
M0505,1,10,80,5,8.0,1,148
M0505,1,12,91,5,7.58,0,148
M0505,1,15,111,5,7.4,0,148
M0505,2,6,45,1,7.5,7,157
M0505,2,10,68,2,6.8,4,157
M0505,2,12,89,2,7.42,1,157
M0505,2,15,104,2,6.93,6,157
M0506,1,6,72,3,12.0,5,177
M0506,1,10,97,3,9.7,9,177
M0506,1,12,116,3,9.67,7,177
M0506,1,15,129,4,8.6,25,177
M0506,2,6,63,3,10.5,9,155
M0506,2,10,85,4,8.5,13,155
M0506,2,12,98,4,8.17,7,155
M0506,2,15,123,4,8.2,13,155
M0507,1,6,66,1,11.0,2,180
M0507,1,10,96,2,9.6,1,180
M0507,1,12,109,2,9.08,8,180
M0507,1,15,136,4,9.07,5,180
M0507,2,6,44,2,7.33,2,140
M0507,2,10,76,4,7.6,2,140
M0507,2,12,86,5,7.17,8,140
M0507,2,15,115,7,7.67,4,140
M0508,1,6,27,2,4.5,36,133
M0508,1,10,54,4,5.4,60,133
M0508,1,12,71,4,5.92,5,133
M0508,1,15,94,5,6.27,16,133
M0508,2,6,53,1,8.83,1,191
M0508,2,10,83,1,8.3,3,191
M0508,2,12,102,1,8.5,3,191
M0508,2,15,138,2,9.2,5,191
M0509,1,6,73,0,12.17,2,181
M0509,1,10,107,1,10.7,4,181
M0509,1,12,116,1,9.67,16,181
M0509,1,15,140,3,9.33,8,181
M0509,2,6,58,0,9.67,3,154
M0509,2,10,89,2,8.9,1,154
M0509,2,12,103,3,8.58,4,154
M0509,2,15,127,5,8.47,3,154
M0510,1,6,37,3,6.17,3,124
M0510,1,10,53,4,5.3,15,124
M0510,1,12,75,6,6.25,2,124
M0510,1,15,99,8,6.6,5,124
M0510,2,6,44,2,7.33,5,161
M0510,2,10,68,2,6.8,10,161
M0510,2,12,91,2,7.58,2,161
M0510,2,15,105,2,7.0,20,161
M0511,1,6,51,3,8.5,0,153
M0511,1,10,86,3,8.6,5,153
M0511,1,12,100,3,8.33,0,153
M0511,1,15,113,4,7.53,6,153
M0511,2,6,67,1,11.17,0,218
M0511,2,10,100,1,10.0,1,218
M0511,2,12,126,2,10.5,2,218
M0511,2,15,156,3,10.4,0,218
M0512,1,6,54,1,9.0,3,162
M0512,1,10,80,4,8.0,2,162
M0512,1,12,104,5,8.67,0,162
M0512,1,15,126,5,8.4,4,162
M0512,2,6,57,3,9.5,7,131
M0512,2,10,82,4,8.2,2,131
M0512,2,12,100,4,8.33,3,131
M0512,2,15,118,5,7.87,10,131
M0513,1,6,42,2,7.0,0,131
M0513,1,10,70,3,7.0,4,131
M0513,1,12,81,4,6.75,16,131
M0513,1,15,92,4,6.13,34,131
M0513,2,6,64,1,10.67,7,185
M0513,2,10,108,2,10.8,3,185
M0513,2,12,119,3,9.92,10,185
M0513,2,15,136,4,9.07,9,185
M0514,1,6,57,0,9.5,1,140
M0514,1,10,71,3,7.1,25,140
M0514,1,12,84,3,7.0,3,140
M0514,1,15,109,4,7.27,0,140
M0514,2,6,31,1,5.17,9,120
M0514,2,10,56,3,5.6,9,120
M0514,2,12,66,3,5.5,2,120
M0514,2,15,79,3,5.27,7,120
M0515,1,6,63,0,10.5,1,181
M0515,1,10,104,4,10.4,10,181
M0515,1,12,121,4,10.08,0,181
M0515,1,15,139,4,9.27,14,181
M0515,2,6,40,0,6.67,20,164
M0515,2,10,76,3,7.6,1,164
M0515,2,12,94,5,7.83,13,164
M0515,2,15,124,7,8.27,6,164
M0516,1,6,49,0,8.17,7,169
M0516,1,10,87,0,8.7,1,169
M0516,1,12,100,1,8.33,10,169
M0516,1,15,127,3,8.47,28,169
M0516,2,6,44,0,7.33,6,169
M0516,2,10,66,2,6.6,20,169
M0516,2,12,80,2,6.67,32,169
M0516,2,15,111,3,7.4,7,169
M0517,1,6,57,0,9.5,4,191
M0517,1,10,96,2,9.6,1,191
M0517,1,12,126,4,10.5,1,191
M0517,1,15,138,5,9.2,19,191
M0517,2,6,53,1,8.83,11,131
M0517,2,10,68,2,6.8,35,131
M0517,2,12,73,4,6.08,47,131
M0517,2,15,102,4,6.8,4,131
M0518,1,6,38,2,6.33,4,137
M0518,1,10,80,3,8.0,4,137
M0518,1,12,92,3,7.67,4,137
M0518,1,15,101,4,6.73,22,137
M0518,2,6,42,2,7.0,1,145
M0518,2,10,71,2,7.1,3,145
M0518,2,12,95,2,7.92,5,145
M0518,2,15,112,5,7.47,11,145
M0519,1,6,35,1,5.83,3,138
M0519,1,10,65,2,6.5,11,138
M0519,1,12,80,2,6.67,1,138
M0519,1,15,106,5,7.07,0,138
M0519,2,6,46,1,7.67,30,167
M0519,2,10,88,2,8.8,8,167
M0519,2,12,104,3,8.67,20,167
M0519,2,15,123,3,8.2,8,167
M0520,1,6,51,0,8.5,3,166
M0520,1,10,77,3,7.7,4,166
M0520,1,12,94,3,7.83,1,166
M0520,1,15,111,4,7.4,11,166
M0520,2,6,60,0,10.0,6,167
M0520,2,10,94,1,9.4,7,167
M0520,2,12,114,1,9.5,1,167
M0520,2,15,137,1,9.13,5,167
M0521,1,6,66,1,11.0,3,190
M0521,1,10,106,1,10.6,1,190
M0521,1,12,126,1,10.5,2,190
M0521,1,15,138,2,9.2,20,190
M0521,2,6,49,1,8.17,6,176
M0521,2,10,84,1,8.4,5,176
M0521,2,12,105,2,8.75,3,176
M0521,2,15,133,3,8.87,7,176
M0522,1,6,55,2,9.17,2,139
M0522,1,10,74,3,7.4,6,139
M0522,1,12,88,3,7.33,2,139
M0522,1,15,106,3,7.07,10,139
M0522,2,6,60,2,10.0,0,178
M0522,2,10,85,2,8.5,14,178
M0522,2,12,95,2,7.92,26,178
M0522,2,15,127,3,8.47,0,178
M0523,1,6,40,3,6.67,0,163
M0523,1,10,70,3,7.0,3,163
M0523,1,12,93,3,7.75,6,163
M0523,1,15,113,4,7.53,8,163
M0523,2,6,30,1,5.0,2,157
M0523,2,10,81,2,8.1,0,157
M0523,2,12,102,2,8.5,6,157
M0523,2,15,124,2,8.27,12,157
M0524,1,6,36,3,6.0,15,121
M0524,1,10,59,3,5.9,12,121
M0524,1,12,64,4,5.33,24,121
M0524,1,15,79,4,5.27,0,121
M0524,2,6,45,0,7.5,2,162
M0524,2,10,81,3,8.1,0,162
M0524,2,12,94,3,7.83,2,162
M0524,2,15,114,5,7.6,2,162
M0525,1,6,55,1,9.17,6,204
M0525,1,10,90,1,9.0,18,204
M0525,1,12,111,2,9.25,0,204
M0525,1,15,136,2,9.07,0,204
M0525,2,6,49,2,8.17,2,155
M0525,2,10,88,2,8.8,1,155
M0525,2,12,101,4,8.42,5,155
M0525,2,15,123,5,8.2,10,155
M0526,1,6,64,2,10.67,4,158
M0526,1,10,96,4,9.6,1,158
M0526,1,12,110,4,9.17,2,158
M0526,1,15,145,4,9.67,3,158
M0526,2,6,29,3,4.83,24,152
M0526,2,10,61,3,6.1,0,152
M0526,2,12,75,3,6.25,1,152
M0526,2,15,99,3,6.6,3,152
M0527,1,6,36,0,6.0,10,143
M0527,1,10,71,4,7.1,1,143
M0527,1,12,94,5,7.83,2,143
M0527,1,15,116,5,7.73,3,143
M0527,2,6,44,1,7.33,8,181
M0527,2,10,94,2,9.4,2,181
M0527,2,12,104,3,8.67,3,181
M0527,2,15,134,3,8.93,6,181
M0528,1,6,65,1,10.83,1,174
M0528,1,10,84,4,8.4,1,174
M0528,1,12,107,5,8.92,0,174
M0528,1,15,127,5,8.47,6,174
M0528,2,6,60,0,10.0,6,200
M0528,2,10,92,0,9.2,6,200
M0528,2,12,110,2,9.17,0,200
M0528,2,15,131,2,8.73,1,200
M0529,1,6,45,2,7.5,14,167
M0529,1,10,79,2,7.9,1,167
M0529,1,12,93,2,7.75,10,167
M0529,1,15,130,2,8.67,1,167
M0529,2,6,45,1,7.5,3,165
M0529,2,10,79,3,7.9,2,165
M0529,2,12,96,4,8.0,6,165
M0529,2,15,126,4,8.4,1,165
M0530,1,6,50,0,8.33,5,191
M0530,1,10,82,0,8.2,1,191
M0530,1,12,100,0,8.33,3,191
M0530,1,15,125,0,8.33,0,191
M0530,2,6,68,3,11.33,4,158
M0530,2,10,92,4,9.2,0,158
M0530,2,12,105,6,8.75,9,158
M0530,2,15,116,6,7.73,27,158
M0531,1,6,42,1,7.0,8,103
M0531,1,10,65,5,6.5,1,103
M0531,1,12,76,6,6.33,3,103
M0531,1,15,93,8,6.2,13,103
M0531,2,6,57,1,9.5,0,167
M0531,2,10,91,4,9.1,5,167
M0531,2,12,104,4,8.67,4,167
M0531,2,15,122,5,8.13,22,167
M0532,1,6,46,1,7.67,19,152
M0532,1,10,76,1,7.6,9,152
M0532,1,12,91,2,7.58,0,152
M0532,1,15,106,3,7.07,18,152
M0532,2,6,39,2,6.5,0,133
M0532,2,10,71,5,7.1,1,133
M0532,2,12,87,6,7.25,0,133
M0532,2,15,108,9,7.2,10,133
M0533,1,6,52,0,8.67,10,172
M0533,1,10,80,0,8.0,14,172
M0533,1,12,100,2,8.33,5,172
M0533,1,15,110,2,7.33,23,172
M0533,2,6,43,1,7.17,4,162
M0533,2,10,83,2,8.3,0,162
M0533,2,12,110,2,9.17,2,162
M0533,2,15,127,3,8.47,5,162
M0534,1,6,53,2,8.83,0,153
M0534,1,10,81,3,8.1,0,153
M0534,1,12,85,4,7.08,12,153
M0534,1,15,110,5,7.33,3,153
M0534,2,6,53,2,8.83,0,170
M0534,2,10,85,3,8.5,1,170
M0534,2,12,101,3,8.42,3,170
M0534,2,15,130,3,8.67,1,170
M0535,1,6,39,2,6.5,12,129
M0535,1,10,69,2,6.9,11,129
M0535,1,12,79,4,6.58,23,129
M0535,1,15,102,7,6.8,2,129
M0535,2,6,64,1,10.67,10,191
M0535,2,10,95,2,9.5,2,191
M0535,2,12,105,3,8.75,10,191
M0535,2,15,139,3,9.27,4,191
M0536,1,6,36,2,6.0,4,140
M0536,1,10,77,3,7.7,8,140
M0536,1,12,85,4,7.08,20,140
M0536,1,15,103,4,6.87,1,140
M0536,2,6,41,0,6.83,21,165
M0536,2,10,83,1,8.3,14,165
M0536,2,12,104,2,8.67,5,165
M0536,2,15,125,3,8.33,10,165
M0537,1,6,42,0,7.0,8,183
M0537,1,10,85,1,8.5,7,183
M0537,1,12,97,1,8.08,19,183
M0537,1,15,122,1,8.13,17,183
M0537,2,6,37,0,6.17,31,144
M0537,2,10,73,0,7.3,0,144
M0537,2,12,102,1,8.5,0,144
M0537,2,15,126,2,8.4,7,144
M0538,1,6,54,2,9.0,3,161
M0538,1,10,85,2,8.5,1,161
M0538,1,12,103,2,8.58,1,161
M0538,1,15,129,2,8.6,3,161
M0538,2,6,54,0,9.0,0,190
M0538,2,10,86,0,8.6,2,190
M0538,2,12,102,0,8.5,0,190
M0538,2,15,135,2,9.0,0,190
M0539,1,6,48,0,8.0,0,156
M0539,1,10,83,1,8.3,2,156
M0539,1,12,98,1,8.17,4,156
M0539,1,15,115,2,7.67,5,156
M0539,2,6,51,2,8.5,4,179
M0539,2,10,81,2,8.1,11,179
M0539,2,12,94,2,7.83,11,179
M0539,2,15,120,4,8.0,10,179
M0540,1,6,50,0,8.33,6,142
M0540,1,10,83,0,8.3,7,142
M0540,1,12,94,0,7.83,9,142
M0540,1,15,110,3,7.33,27,142
M0540,2,6,37,2,6.17,26,123
M0540,2,10,67,2,6.7,5,123
M0540,2,12,76,2,6.33,17,123
M0540,2,15,96,4,6.4,3,123
M0541,1,6,54,2,9.0,0,179
M0541,1,10,82,5,8.2,4,179
M0541,1,12,104,6,8.67,1,179
M0541,1,15,123,8,8.2,17,179
M0541,2,6,62,0,10.33,2,174
M0541,2,10,97,2,9.7,2,174
M0541,2,12,117,4,9.75,4,174
M0541,2,15,148,4,9.87,1,174
M0542,1,6,36,1,6.0,2,143
M0542,1,10,65,2,6.5,18,143
M0542,1,12,86,2,7.17,0,143
M0542,1,15,105,3,7.0,18,143
M0542,2,6,39,1,6.5,0,118
M0542,2,10,69,4,6.9,12,118
M0542,2,12,81,5,6.75,24,118
M0542,2,15,92,6,6.13,42,118
M0543,1,6,61,0,10.17,1,203
M0543,1,10,110,0,11.0,1,203
M0543,1,12,124,0,10.33,3,203
M0543,1,15,145,0,9.67,5,203
M0543,2,6,50,1,8.33,1,177
M0543,2,10,87,1,8.7,1,177
M0543,2,12,105,1,8.75,4,177
M0543,2,15,116,1,7.73,17,177
M0544,1,6,51,0,8.5,6,171
M0544,1,10,83,1,8.3,8,171
M0544,1,12,102,1,8.5,4,171
M0544,1,15,119,1,7.93,5,171
M0544,2,6,53,1,8.83,0,188
M0544,2,10,90,2,9.0,2,188
M0544,2,12,114,3,9.5,0,188
M0544,2,15,145,4,9.67,0,188
M0545,1,6,43,1,7.17,9,154
M0545,1,10,83,4,8.3,7,154
M0545,1,12,101,4,8.42,4,154
M0545,1,15,117,5,7.8,22,154
M0545,2,6,63,1,10.5,0,165
M0545,2,10,94,2,9.4,1,165
M0545,2,12,108,3,9.0,1,165
M0545,2,15,135,4,9.0,1,165
M0546,1,6,51,2,8.5,2,145
M0546,1,10,81,4,8.1,21,145
M0546,1,12,96,5,8.0,5,145
M0546,1,15,110,5,7.33,23,145
M0546,2,6,48,1,8.0,18,175
M0546,2,10,78,1,7.8,5,175
M0546,2,12,102,1,8.5,0,175
M0546,2,15,125,2,8.33,3,175
M0547,1,6,53,2,8.83,4,195
M0547,1,10,102,3,10.2,1,195
M0547,1,12,122,3,10.17,7,195
M0547,1,15,150,7,10.0,7,195
M0547,2,6,40,0,6.67,9,135
M0547,2,10,71,5,7.1,16,135
M0547,2,12,88,5,7.33,8,135
M0547,2,15,103,6,6.87,6,135
M0548,1,6,44,1,7.33,0,171
M0548,1,10,75,1,7.5,12,171
M0548,1,12,87,2,7.25,1,171
M0548,1,15,108,3,7.2,14,171
M0548,2,6,33,2,5.5,14,150
M0548,2,10,66,3,6.6,3,150
M0548,2,12,86,4,7.17,2,150
M0548,2,15,109,6,7.27,1,150
M0549,1,6,48,2,8.0,1,139
M0549,1,10,73,3,7.3,5,139
M0549,1,12,93,5,7.75,4,139
M0549,1,15,104,5,6.93,5,139
M0549,2,6,43,1,7.17,0,163
M0549,2,10,83,1,8.3,3,163
M0549,2,12,101,2,8.42,0,163
M0549,2,15,132,5,8.8,1,163
M0550,1,6,56,3,9.33,6,142
M0550,1,10,71,6,7.1,0,142
M0550,1,12,88,6,7.33,6,142
M0550,1,15,106,6,7.07,3,142
M0550,2,6,51,2,8.5,8,172
M0550,2,10,86,3,8.6,2,172
M0550,2,12,98,4,8.17,9,172
M0550,2,15,124,5,8.27,2,172
M0551,1,6,47,2,7.83,6,129
M0551,1,10,71,4,7.1,12,129
M0551,1,12,84,5,7.0,5,129
M0551,1,15,104,8,6.93,0,129
M0551,2,6,63,1,10.5,5,151
M0551,2,10,90,2,9.0,4,151
M0551,2,12,101,2,8.42,6,151
M0551,2,15,121,5,8.07,12,151
M0552,1,6,44,2,7.33,12,170
M0552,1,10,89,2,8.9,9,170
M0552,1,12,104,3,8.67,2,170
M0552,1,15,122,3,8.13,3,170
M0552,2,6,42,1,7.0,5,161
M0552,2,10,73,1,7.3,5,161
M0552,2,12,86,1,7.17,9,161
M0552,2,15,105,1,7.0,14,161
M0553,1,6,40,5,6.67,10,130
M0553,1,10,54,7,5.4,8,130
M0553,1,12,73,7,6.08,3,130
M0553,1,15,83,7,5.53,21,130
M0553,2,6,56,1,9.33,6,170
M0553,2,10,84,2,8.4,12,170
M0553,2,12,94,3,7.83,10,170
M0553,2,15,122,5,8.13,0,170
M0554,1,6,62,2,10.33,0,158
M0554,1,10,87,3,8.7,4,158
M0554,1,12,101,4,8.42,4,158
M0554,1,15,125,4,8.33,7,158
M0554,2,6,62,1,10.33,0,165
M0554,2,10,90,1,9.0,2,165
M0554,2,12,101,3,8.42,14,165
M0554,2,15,118,4,7.87,0,165
M0555,1,6,55,4,9.17,5,144
M0555,1,10,85,6,8.5,5,144
M0555,1,12,98,6,8.17,2,144
M0555,1,15,115,6,7.67,10,144
M0555,2,6,42,2,7.0,3,165
M0555,2,10,95,5,9.5,2,165
M0555,2,12,107,7,8.92,7,165
M0555,2,15,123,7,8.2,25,165
M0556,1,6,46,2,7.67,5,157
M0556,1,10,76,4,7.6,3,157
M0556,1,12,88,5,7.33,11,157
M0556,1,15,110,7,7.33,15,157
M0556,2,6,63,3,10.5,4,162
M0556,2,10,95,6,9.5,0,162
M0556,2,12,111,6,9.25,5,162
M0556,2,15,142,7,9.47,2,162
M0557,1,6,52,0,8.67,2,147
M0557,1,10,80,3,8.0,8,147
M0557,1,12,92,3,7.67,5,147
M0557,1,15,115,3,7.67,9,147
M0557,2,6,32,0,5.33,16,128
M0557,2,10,57,3,5.7,5,128
M0557,2,12,67,5,5.58,2,128
M0557,2,15,86,5,5.73,0,128
M0558,1,6,50,3,8.33,3,164
M0558,1,10,89,3,8.9,1,164
M0558,1,12,99,4,8.25,8,164
M0558,1,15,118,4,7.87,11,164
M0558,2,6,49,2,8.17,0,160
M0558,2,10,83,4,8.3,11,160
M0558,2,12,97,4,8.08,8,160
M0558,2,15,116,5,7.73,4,160
M0559,1,6,47,1,7.83,6,162
M0559,1,10,71,1,7.1,4,162
M0559,1,12,84,2,7.0,0,162
M0559,1,15,108,3,7.2,6,162
M0559,2,6,21,3,3.5,36,149
M0559,2,10,58,4,5.8,2,149
M0559,2,12,78,4,6.5,6,149
M0559,2,15,100,6,6.67,10,149
M0560,1,6,45,2,7.5,5,155
M0560,1,10,77,2,7.7,1,155
M0560,1,12,84,2,7.0,13,155
M0560,1,15,104,3,6.93,2,155
M0560,2,6,51,2,8.5,4,149
M0560,2,10,91,3,9.1,10,149
M0560,2,12,100,4,8.33,22,149
M0560,2,15,117,5,7.8,8,149
M0561,1,6,56,2,9.33,5,145
M0561,1,10,74,3,7.4,7,145
M0561,1,12,85,3,7.08,6,145
M0561,1,15,100,4,6.67,9,145
M0561,2,6,64,2,10.67,12,158
M0561,2,10,83,3,8.3,17,158
M0561,2,12,91,4,7.58,0,158
M0561,2,15,116,6,7.73,2,158
M0562,1,6,68,1,11.33,2,175
M0562,1,10,109,4,10.9,1,175
M0562,1,12,118,4,9.83,13,175
M0562,1,15,130,4,8.67,31,175
M0562,2,6,53,1,8.83,6,170
M0562,2,10,93,2,9.3,2,170
M0562,2,12,112,3,9.33,5,170
M0562,2,15,129,3,8.6,3,170
M0563,1,6,44,4,7.33,17,121
M0563,1,10,68,5,6.8,3,121
M0563,1,12,84,5,7.0,6,121
M0563,1,15,93,8,6.2,24,121
M0563,2,6,62,0,10.33,0,193
M0563,2,10,91,0,9.1,6,193
M0563,2,12,107,1,8.92,1,193
M0563,2,15,131,1,8.73,7,193
M0564,1,6,50,5,8.33,2,145
M0564,1,10,76,7,7.6,0,145
M0564,1,12,95,7,7.92,4,145
M0564,1,15,113,9,7.53,4,145
M0564,2,6,53,2,8.83,3,159
M0564,2,10,95,4,9.5,0,159
M0564,2,12,112,4,9.33,6,159
M0564,2,15,128,5,8.53,24,159
M0565,1,6,56,3,9.33,7,157
M0565,1,10,83,4,8.3,7,157
M0565,1,12,104,5,8.67,6,157
M0565,1,15,125,7,8.33,1,157
M0565,2,6,38,2,6.33,10,144
M0565,2,10,60,2,6.0,0,144
M0565,2,12,75,2,6.25,2,144
M0565,2,15,95,2,6.33,6,144
M0566,1,6,34,2,5.67,27,129
M0566,1,10,50,2,5.0,17,129
M0566,1,12,70,4,5.83,3,129
M0566,1,15,106,5,7.07,0,129
M0566,2,6,30,4,5.0,1,73
M0566,2,10,46,6,4.6,25,73
M0566,2,12,59,7,4.92,3,73
M0566,2,15,66,7,4.4,21,73
M0567,1,6,36,2,6.0,0,160
M0567,1,10,71,2,7.1,4,160
M0567,1,12,90,3,7.5,4,160
M0567,1,15,102,5,6.8,6,160
M0567,2,6,56,0,9.33,8,225
M0567,2,10,113,2,11.3,0,225
M0567,2,12,129,2,10.75,0,225
M0567,2,15,175,3,11.67,0,225
M0568,1,6,51,1,8.5,6,194
M0568,1,10,82,1,8.2,9,194
M0568,1,12,111,1,9.25,3,194
M0568,1,15,124,2,8.27,10,194
M0568,2,6,52,2,8.67,2,154
M0568,2,10,84,2,8.4,5,154
M0568,2,12,94,3,7.83,3,154
M0568,2,15,118,3,7.87,2,154
M0569,1,6,49,1,8.17,14,172
M0569,1,10,84,3,8.4,9,172
M0569,1,12,108,4,9.0,0,172
M0569,1,15,120,5,8.0,1,172
M0569,2,6,62,5,10.33,1,210
M0569,2,10,105,5,10.5,0,210
M0569,2,12,121,6,10.08,5,210
M0569,2,15,159,6,10.6,0,210
M0570,1,6,35,1,5.83,2,113
M0570,1,10,58,3,5.8,0,113
M0570,1,12,67,5,5.58,12,113
M0570,1,15,87,7,5.8,8,113
M0570,2,6,64,1,10.67,1,175
M0570,2,10,89,1,8.9,0,175
M0570,2,12,100,2,8.33,7,175
M0570,2,15,120,2,8.0,8,175
M0571,1,6,51,1,8.5,7,151
M0571,1,10,82,3,8.2,6,151
M0571,1,12,95,4,7.92,7,151
M0571,1,15,117,5,7.8,7,151
M0571,2,6,44,2,7.33,5,162
M0571,2,10,80,3,8.0,0,162
M0571,2,12,90,3,7.5,8,162
M0571,2,15,97,3,6.47,26,162
M0572,1,6,91,1,15.17,0,259
M0572,1,10,146,3,14.6,1,259
M0572,1,12,174,4,14.5,0,259
M0572,1,15,222,4,14.8,3,259
M0572,2,6,38,3,6.33,4,142
M0572,2,10,70,6,7.0,1,142
M0572,2,12,83,6,6.92,1,142
M0572,2,15,103,7,6.87,4,142
M0573,1,6,47,0,7.83,0,175
M0573,1,10,88,2,8.8,1,175
M0573,1,12,96,3,8.0,8,175
M0573,1,15,129,3,8.6,8,175
M0573,2,6,41,1,6.83,11,136
M0573,2,10,75,3,7.5,5,136
M0573,2,12,85,5,7.08,2,136
M0573,2,15,103,5,6.87,10,136
M0574,1,6,54,1,9.0,10,180
M0574,1,10,82,2,8.2,0,180
M0574,1,12,106,2,8.83,3,180
M0574,1,15,129,3,8.6,10,180
M0574,2,6,48,1,8.0,4,154
M0574,2,10,83,1,8.3,9,154
M0574,2,12,97,2,8.08,7,154
M0574,2,15,117,3,7.8,0,154
M0575,1,6,36,5,6.0,1,135
M0575,1,10,49,6,4.9,15,135
M0575,1,12,61,6,5.08,4,135
M0575,1,15,95,6,6.33,9,135
M0575,2,6,53,1,8.83,3,174
M0575,2,10,89,1,8.9,3,174
M0575,2,12,97,2,8.08,4,174
M0575,2,15,118,2,7.87,4,174
M0576,1,6,50,2,8.33,1,184
M0576,1,10,94,3,9.4,1,184
M0576,1,12,110,3,9.17,4,184
M0576,1,15,130,4,8.67,9,184
M0576,2,6,40,2,6.67,17,191
M0576,2,10,84,3,8.4,4,191
M0576,2,12,106,4,8.83,1,191
M0576,2,15,147,4,9.8,1,191
M0577,1,6,38,2,6.33,3,162
M0577,1,10,73,2,7.3,0,162
M0577,1,12,96,3,8.0,2,162
M0577,1,15,118,3,7.87,2,162
M0577,2,6,45,0,7.5,1,168
M0577,2,10,77,1,7.7,2,168
M0577,2,12,93,1,7.75,5,168
M0577,2,15,121,1,8.07,8,168
M0578,1,6,36,0,6.0,9,153
M0578,1,10,69,0,6.9,6,153
M0578,1,12,89,0,7.42,7,153
M0578,1,15,118,2,7.87,6,153
M0578,2,6,38,2,6.33,0,134
M0578,2,10,71,5,7.1,6,134
M0578,2,12,82,5,6.83,11,134
M0578,2,15,96,6,6.4,1,134
M0579,1,6,58,1,9.67,6,195
M0579,1,10,93,4,9.3,4,195
M0579,1,12,114,4,9.5,5,195
M0579,1,15,157,5,10.47,5,195
M0579,2,6,62,1,10.33,3,203
M0579,2,10,103,1,10.3,4,203
M0579,2,12,115,2,9.58,1,203
M0579,2,15,143,2,9.53,2,203
M0580,1,6,41,1,6.83,2,153
M0580,1,10,76,1,7.6,3,153
M0580,1,12,93,1,7.75,10,153
M0580,1,15,113,1,7.53,2,153
M0580,2,6,46,3,7.67,0,150
M0580,2,10,79,4,7.9,1,150
M0580,2,12,96,4,8.0,1,150
M0580,2,15,117,4,7.8,2,150
M0581,1,6,61,1,10.17,4,174
M0581,1,10,95,3,9.5,1,174
M0581,1,12,109,4,9.08,6,174
M0581,1,15,125,4,8.33,7,174
M0581,2,6,49,1,8.17,0,142
M0581,2,10,84,4,8.4,3,142
M0581,2,12,95,4,7.92,4,142
M0581,2,15,128,7,8.53,0,142
M0582,1,6,63,1,10.5,3,224
M0582,1,10,117,1,11.7,6,224
M0582,1,12,152,1,12.67,0,224
M0582,1,15,177,2,11.8,5,224
M0582,2,6,45,1,7.5,12,161
M0582,2,10,74,1,7.4,4,161
M0582,2,12,89,1,7.42,10,161
M0582,2,15,117,3,7.8,1,161
M0583,1,6,72,1,12.0,5,178
M0583,1,10,104,4,10.4,3,178
M0583,1,12,126,4,10.5,0,178
M0583,1,15,142,5,9.47,18,178
M0583,2,6,32,1,5.33,1,168
M0583,2,10,68,2,6.8,7,168
M0583,2,12,88,2,7.33,0,168
M0583,2,15,118,2,7.87,0,168
M0584,1,6,50,2,8.33,0,154
M0584,1,10,85,3,8.5,10,154
M0584,1,12,100,4,8.33,4,154
M0584,1,15,115,5,7.67,5,154
M0584,2,6,34,2,5.67,26,147
M0584,2,10,71,4,7.1,7,147
M0584,2,12,91,7,7.58,0,147
M0584,2,15,106,7,7.07,3,147
M0585,1,6,38,3,6.33,5,131
M0585,1,10,66,4,6.6,2,131
M0585,1,12,78,4,6.5,3,131
M0585,1,15,96,4,6.4,11,131
M0585,2,6,44,2,7.33,4,163
M0585,2,10,76,3,7.6,0,163
M0585,2,12,97,3,8.08,3,163
M0585,2,15,115,3,7.67,4,163
M0586,1,6,39,4,6.5,16,142
M0586,1,10,67,5,6.7,6,142
M0586,1,12,80,5,6.67,10,142
M0586,1,15,94,5,6.27,0,142
M0586,2,6,31,1,5.17,2,145
M0586,2,10,68,2,6.8,1,145
M0586,2,12,92,2,7.67,2,145
M0586,2,15,107,2,7.13,0,145
M0587,1,6,35,2,5.83,7,147
M0587,1,10,71,4,7.1,0,147
M0587,1,12,77,4,6.42,12,147
M0587,1,15,102,4,6.8,2,147
M0587,2,6,62,2,10.33,4,195
M0587,2,10,106,5,10.6,5,195
M0587,2,12,130,6,10.83,0,195
M0587,2,15,156,7,10.4,4,195
M0588,1,6,43,1,7.17,1,160
M0588,1,10,72,1,7.2,8,160
M0588,1,12,89,1,7.42,3,160
M0588,1,15,118,3,7.87,9,160
M0588,2,6,75,3,12.5,5,145
M0588,2,10,94,6,9.4,2,145
M0588,2,12,113,7,9.42,9,145
M0588,2,15,127,8,8.47,16,145
M0589,1,6,40,3,6.67,3,154
M0589,1,10,69,3,6.9,2,154
M0589,1,12,85,5,7.08,1,154
M0589,1,15,110,5,7.33,3,154
M0589,2,6,56,2,9.33,4,141
M0589,2,10,82,4,8.2,2,141
M0589,2,12,93,4,7.75,2,141
M0589,2,15,112,4,7.47,2,141
M0590,1,6,57,2,9.5,3,169
M0590,1,10,79,2,7.9,19,169
M0590,1,12,107,2,8.92,1,169
M0590,1,15,131,3,8.73,8,169
M0590,2,6,38,0,6.33,9,177
M0590,2,10,79,1,7.9,9,177
M0590,2,12,95,2,7.92,9,177
M0590,2,15,120,2,8.0,3,177
M0591,1,6,56,1,9.33,0,176
M0591,1,10,86,1,8.6,5,176
M0591,1,12,110,2,9.17,1,176
M0591,1,15,125,3,8.33,1,176
M0591,2,6,65,1,10.83,3,146
M0591,2,10,84,2,8.4,5,146
M0591,2,12,92,3,7.67,3,146
M0591,2,15,105,4,7.0,9,146
M0592,1,6,54,0,9.0,0,168
M0592,1,10,78,0,7.8,0,168
M0592,1,12,93,0,7.75,2,168
M0592,1,15,125,0,8.33,3,168
M0592,2,6,50,1,8.33,2,150
M0592,2,10,81,2,8.1,0,150
M0592,2,12,95,2,7.92,6,150
M0592,2,15,120,4,8.0,3,150
M0593,1,6,47,2,7.83,4,178
M0593,1,10,86,3,8.6,6,178
M0593,1,12,101,3,8.42,0,178
M0593,1,15,132,3,8.8,3,178
M0593,2,6,57,2,9.5,13,156
M0593,2,10,79,3,7.9,5,156
M0593,2,12,89,3,7.42,10,156
M0593,2,15,112,4,7.47,0,156
M0594,1,6,60,4,10.0,1,132
M0594,1,10,85,7,8.5,10,132
M0594,1,12,94,7,7.83,0,132
M0594,1,15,103,7,6.87,18,132
M0594,2,6,49,0,8.17,2,191
M0594,2,10,85,0,8.5,8,191
M0594,2,12,99,0,8.25,6,191
M0594,2,15,123,0,8.2,10,191
M0595,1,6,48,2,8.0,2,143
M0595,1,10,72,3,7.2,2,143
M0595,1,12,82,5,6.83,14,143
M0595,1,15,112,6,7.47,1,143
M0595,2,6,50,1,8.33,5,127
M0595,2,10,70,3,7.0,3,127
M0595,2,12,77,3,6.42,15,127
M0595,2,15,99,5,6.6,5,127
M0596,1,6,47,3,7.83,2,151
M0596,1,10,76,5,7.6,14,151
M0596,1,12,93,6,7.75,1,151
M0596,1,15,126,6,8.4,7,151
M0596,2,6,53,1,8.83,4,150
M0596,2,10,86,3,8.6,4,150
M0596,2,12,95,4,7.92,5,150
M0596,2,15,120,5,8.0,2,150
M0597,1,6,32,4,5.33,26,98
M0597,1,10,53,5,5.3,17,98
M0597,1,12,62,5,5.17,29,98
M0597,1,15,75,7,5.0,47,98
M0597,2,6,63,2,10.5,1,154
M0597,2,10,92,4,9.2,2,154
M0597,2,12,98,5,8.17,14,154
M0597,2,15,117,5,7.8,4,154
M0598,1,6,56,2,9.33,2,174
M0598,1,10,97,4,9.7,4,174
M0598,1,12,104,5,8.67,16,174
M0598,1,15,127,6,8.47,2,174
M0598,2,6,72,1,12.0,2,200
M0598,2,10,107,2,10.7,4,200
M0598,2,12,135,3,11.25,1,200
M0598,2,15,161,4,10.73,8,200
M0599,1,6,46,0,7.67,0,211
M0599,1,10,109,0,10.9,1,211
M0599,1,12,132,0,11.0,4,211
M0599,1,15,148,0,9.87,5,211
M0599,2,6,50,1,8.33,2,155
M0599,2,10,85,3,8.5,6,155
M0599,2,12,99,3,8.25,1,155
M0599,2,15,112,3,7.47,14,155
M0600,1,6,61,1,10.17,1,165
M0600,1,10,80,3,8.0,4,165
M0600,1,12,108,3,9.0,0,165
M0600,1,15,135,3,9.0,2,165
M0600,2,6,46,2,7.67,12,144
M0600,2,10,67,3,6.7,7,144
M0600,2,12,89,3,7.42,2,144
M0600,2,15,113,3,7.53,7,144
M0601,1,6,44,2,7.33,10,146
M0601,1,10,74,3,7.4,3,146
M0601,1,12,90,3,7.5,4,146
M0601,1,15,114,3,7.6,15,146
M0601,2,6,57,0,9.5,1,188
M0601,2,10,83,1,8.3,1,188
M0601,2,12,107,1,8.92,2,188
M0601,2,15,127,1,8.47,13,188
M0602,1,6,44,1,7.33,17,166
M0602,1,10,73,2,7.3,10,166
M0602,1,12,95,2,7.92,4,166
M0602,1,15,130,2,8.67,1,166
M0602,2,6,69,1,11.5,1,192
M0602,2,10,107,2,10.7,0,192
M0602,2,12,129,2,10.75,1,192
M0602,2,15,160,2,10.67,0,192
M0603,1,6,65,1,10.83,3,160
M0603,1,10,85,4,8.5,27,160
M0603,1,12,95,5,7.92,10,160
M0603,1,15,112,6,7.47,17,160
M0603,2,6,44,2,7.33,0,137
M0603,2,10,73,4,7.3,17,137
M0603,2,12,83,4,6.92,29,137
M0603,2,15,105,5,7.0,8,137
M0604,1,6,55,1,9.17,4,153
M0604,1,10,78,2,7.8,13,153
M0604,1,12,98,4,8.17,1,153
M0604,1,15,122,6,8.13,8,153
M0604,2,6,63,0,10.5,1,187
M0604,2,10,93,0,9.3,13,187
M0604,2,12,111,0,9.25,0,187
M0604,2,15,136,1,9.07,3,187
M0605,1,6,44,1,7.33,1,148
M0605,1,10,73,2,7.3,9,148
M0605,1,12,87,2,7.25,3,148
M0605,1,15,117,4,7.8,5,148
M0605,2,6,56,2,9.33,1,160
M0605,2,10,85,3,8.5,13,160
M0605,2,12,97,3,8.08,4,160
M0605,2,15,124,3,8.27,0,160
M0606,1,6,37,2,6.17,0,177
M0606,1,10,85,2,8.5,4,177
M0606,1,12,111,2,9.25,2,177
M0606,1,15,132,3,8.8,0,177
M0606,2,6,51,4,8.5,4,166
M0606,2,10,73,4,7.3,4,166
M0606,2,12,91,4,7.58,2,166
M0606,2,15,116,4,7.73,4,166
M0607,1,6,42,1,7.0,11,163
M0607,1,10,76,5,7.6,0,163
M0607,1,12,101,5,8.42,4,163
M0607,1,15,124,6,8.27,4,163
M0607,2,6,49,2,8.17,1,167
M0607,2,10,83,3,8.3,4,167
M0607,2,12,99,5,8.25,5,167
M0607,2,15,131,6,8.73,4,167
M0608,1,6,59,3,9.83,3,163
M0608,1,10,86,3,8.6,6,163
M0608,1,12,99,3,8.25,7,163
M0608,1,15,120,4,8.0,3,163
M0608,2,6,29,2,4.83,36,102
M0608,2,10,49,4,4.9,4,102
M0608,2,12,62,4,5.17,0,102
M0608,2,15,77,7,5.13,3,102
M0609,1,6,33,3,5.5,6,131
M0609,1,10,58,3,5.8,9,131
M0609,1,12,68,4,5.67,2,131
M0609,1,15,100,7,6.67,8,131
M0609,2,6,44,2,7.33,1,158
M0609,2,10,79,4,7.9,4,158
M0609,2,12,99,4,8.25,2,158
M0609,2,15,114,5,7.6,6,158
M0610,1,6,67,0,11.17,2,170
M0610,1,10,110,0,11.0,1,170
M0610,1,12,120,0,10.0,7,170
M0610,1,15,131,2,8.73,5,170
M0610,2,6,41,1,6.83,2,156
M0610,2,10,82,4,8.2,4,156
M0610,2,12,98,5,8.17,8,156
M0610,2,15,117,6,7.8,11,156
M0611,1,6,39,5,6.5,11,98
M0611,1,10,65,7,6.5,7,98
M0611,1,12,71,7,5.92,19,98
M0611,1,15,89,9,5.93,8,98
M0611,2,6,21,4,3.5,36,115
M0611,2,10,64,5,6.4,7,115
M0611,2,12,74,6,6.17,6,115
M0611,2,15,92,8,6.13,13,115
M0612,1,6,34,0,5.67,3,140
M0612,1,10,57,3,5.7,7,140
M0612,1,12,65,3,5.42,0,140
M0612,1,15,93,3,6.2,10,140
M0612,2,6,45,2,7.5,5,181
M0612,2,10,72,2,7.2,17,181
M0612,2,12,96,3,8.0,3,181
M0612,2,15,125,3,8.33,2,181
M0613,1,6,33,2,5.5,0,172
M0613,1,10,72,3,7.2,0,172
M0613,1,12,88,5,7.33,6,172
M0613,1,15,108,6,7.2,13,172
M0613,2,6,55,2,9.17,3,172
M0613,2,10,105,4,10.5,0,172
M0613,2,12,118,5,9.83,9,172
M0613,2,15,132,7,8.8,0,172
M0614,1,6,49,1,8.17,3,159
M0614,1,10,75,3,7.5,5,159
M0614,1,12,89,3,7.42,2,159
M0614,1,15,116,4,7.73,0,159
M0614,2,6,48,7,8.0,4,98
M0614,2,10,70,8,7.0,17,98
M0614,2,12,79,9,6.58,2,98
M0615,1,6,46,0,7.67,10,165
M0615,1,10,85,0,8.5,0,165
M0615,1,12,103,0,8.58,0,165
M0615,1,15,126,3,8.4,2,165
M0615,2,6,45,1,7.5,3,162
M0615,2,10,65,3,6.5,2,162
M0615,2,12,78,3,6.5,1,162
M0615,2,15,110,3,7.33,0,162
M0616,1,6,56,4,9.33,15,132
M0616,1,10,85,4,8.5,10,132
M0616,1,12,91,6,7.58,22,132
M0616,1,15,105,7,7.0,40,132
M0616,2,6,48,0,8.0,1,139
M0616,2,10,68,4,6.8,8,139
M0616,2,12,77,6,6.42,10,139
M0616,2,15,88,6,5.87,28,139
M0617,1,6,70,0,11.67,4,194
M0617,1,10,110,2,11.0,9,194
M0617,1,12,117,2,9.75,21,194
M0617,1,15,137,3,9.13,2,194
M0617,2,6,44,2,7.33,15,155
M0617,2,10,86,2,8.6,6,155
M0617,2,12,95,2,7.92,18,155
M0617,2,15,127,2,8.47,1,155
M0618,1,6,70,2,11.67,13,153
M0618,1,10,97,4,9.7,2,153
M0618,1,12,109,6,9.08,14,153
M0618,1,15,126,6,8.4,17,153
M0618,2,6,59,2,9.83,7,213
M0618,2,10,119,3,11.9,5,213
M0618,2,12,134,4,11.17,8,213
M0618,2,15,163,5,10.87,2,213
M0619,1,6,49,4,8.17,0,89
M0619,1,10,77,6,7.7,9,89
M0619,1,12,83,6,6.92,21,89
M0619,2,6,48,0,8.0,8,150
M0619,2,10,77,0,7.7,2,150
M0619,2,12,91,3,7.58,3,150
M0619,2,15,103,4,6.87,7,150
M0620,1,6,52,1,8.67,9,141
M0620,1,10,75,1,7.5,6,141
M0620,1,12,93,2,7.75,1,141
M0620,1,15,113,2,7.53,5,141
M0620,2,6,65,2,10.83,1,199
M0620,2,10,95,3,9.5,2,199
M0620,2,12,115,4,9.58,1,199
M0620,2,15,143,4,9.53,7,199
M0621,1,6,47,0,7.83,2,166
M0621,1,10,79,1,7.9,7,166
M0621,1,12,105,1,8.75,0,166
M0621,1,15,128,4,8.53,0,166
M0621,2,6,36,1,6.0,5,163
M0621,2,10,70,3,7.0,9,163
M0621,2,12,82,4,6.83,9,163
M0621,2,15,105,4,7.0,1,163
M0622,1,6,53,2,8.83,2,157
M0622,1,10,73,4,7.3,8,157
M0622,1,12,91,4,7.58,7,157
M0622,1,15,115,4,7.67,0,157
M0622,2,6,55,3,9.17,1,147
M0622,2,10,82,3,8.2,5,147
M0622,2,12,93,3,7.75,2,147
M0622,2,15,109,4,7.27,9,147
M0623,1,6,50,2,8.33,1,161
M0623,1,10,95,5,9.5,2,161
M0623,1,12,108,5,9.0,11,161
M0623,1,15,134,5,8.93,2,161
M0623,2,6,57,0,9.5,0,175
M0623,2,10,94,0,9.4,6,175
M0623,2,12,109,3,9.08,4,175
M0623,2,15,132,3,8.8,0,175
M0624,1,6,44,0,7.33,4,150
M0624,1,10,84,1,8.4,0,150
M0624,1,12,95,1,7.92,3,150
M0624,1,15,116,3,7.73,1,150
M0624,2,6,48,1,8.0,4,151
M0624,2,10,89,3,8.9,1,151
M0624,2,12,99,3,8.25,5,151
M0624,2,15,117,3,7.8,0,151
M0625,1,6,63,2,10.5,11,177
M0625,1,10,92,2,9.2,2,177
M0625,1,12,107,2,8.92,6,177
M0625,1,15,142,2,9.47,0,177
M0625,2,6,53,3,8.83,1,167
M0625,2,10,83,3,8.3,2,167
M0625,2,12,100,4,8.33,2,167
M0625,2,15,124,4,8.27,3,167
M0626,1,6,43,2,7.17,8,167
M0626,1,10,77,2,7.7,0,167
M0626,1,12,98,3,8.17,5,167
M0626,1,15,119,3,7.93,4,167
M0626,2,6,39,1,6.5,7,140
M0626,2,10,66,1,6.6,0,140
M0626,2,12,80,1,6.67,7,140
M0626,2,15,97,2,6.47,1,140
M0627,1,6,46,1,7.67,2,175
M0627,1,10,82,2,8.2,6,175
M0627,1,12,111,2,9.25,1,175
M0627,1,15,135,2,9.0,2,175
M0627,2,6,53,2,8.83,0,176
M0627,2,10,93,2,9.3,7,176
M0627,2,12,108,4,9.0,6,176
M0627,2,15,122,4,8.13,0,176
M0628,1,6,47,2,7.83,14,130
M0628,1,10,75,3,7.5,38,130
M0628,1,12,86,4,7.17,5,130
M0628,1,15,108,7,7.2,2,130
M0628,2,6,57,3,9.5,6,163
M0628,2,10,97,3,9.7,0,163
M0628,2,12,107,4,8.92,8,163
M0628,2,15,127,5,8.47,5,163
M0629,1,6,50,0,8.33,1,190
M0629,1,10,79,0,7.9,1,190
M0629,1,12,101,1,8.42,7,190
M0629,1,15,117,2,7.8,2,190
M0629,2,6,53,1,8.83,8,155
M0629,2,10,76,1,7.6,15,155
M0629,2,12,96,2,8.0,4,155
M0629,2,15,115,2,7.67,2,155
M0630,1,6,47,3,7.83,12,150
M0630,1,10,81,3,8.1,3,150
M0630,1,12,99,3,8.25,3,150
M0630,1,15,117,3,7.8,9,150
M0630,2,6,39,2,6.5,12,119
M0630,2,10,53,4,5.3,36,119
M0630,2,12,67,4,5.58,11,119
M0630,2,15,84,6,5.6,29,119
M0631,1,6,57,2,9.5,2,163
M0631,1,10,88,3,8.8,4,163
M0631,1,12,97,3,8.08,2,163
M0631,1,15,111,4,7.4,6,163
M0631,2,6,62,3,10.33,4,210
M0631,2,10,94,3,9.4,10,210
M0631,2,12,118,3,9.83,2,210
M0631,2,15,158,3,10.53,2,210
M0632,1,6,42,3,7.0,15,113
M0632,1,10,65,6,6.5,8,113
M0632,1,12,70,7,5.83,20,113
M0632,1,15,84,7,5.6,7,113
M0632,2,6,43,2,7.17,0,132
M0632,2,10,69,2,6.9,2,132
M0632,2,12,86,2,7.17,0,132
M0632,2,15,106,3,7.07,8,132
M0633,1,6,50,3,8.33,7,140
M0633,1,10,90,4,9.0,0,140
M0633,1,12,102,4,8.5,8,140
M0633,1,15,111,5,7.4,26,140
M0633,2,6,63,1,10.5,0,189
M0633,2,10,96,2,9.6,8,189
M0633,2,12,122,3,10.17,1,189
M0633,2,15,153,4,10.2,8,189
M0634,1,6,46,1,7.67,1,176
M0634,1,10,70,1,7.0,20,176
M0634,1,12,84,1,7.0,5,176
M0634,1,15,127,1,8.47,0,176
M0634,2,6,52,1,8.67,7,173
M0634,2,10,89,2,8.9,7,173
M0634,2,12,106,4,8.83,4,173
M0634,2,15,137,4,9.13,6,173
M0635,1,6,44,2,7.33,4,144
M0635,1,10,70,3,7.0,12,144
M0635,1,12,82,4,6.83,1,144
M0635,1,15,111,5,7.4,0,144
M0635,2,6,47,2,7.83,5,141
M0635,2,10,71,2,7.1,2,141
M0635,2,12,85,2,7.08,14,141
M0635,2,15,106,3,7.07,32,141
M0636,1,6,37,2,6.17,7,72
M0636,1,10,61,7,6.1,21,72
M0636,1,12,70,9,5.83,11,72
M0636,2,6,49,2,8.17,6,187
M0636,2,10,88,3,8.8,10,187
M0636,2,12,96,3,8.0,22,187
M0636,2,15,135,4,9.0,1,187
M0637,1,6,45,0,7.5,36,162
M0637,1,10,85,2,8.5,7,162
M0637,1,12,97,4,8.08,19,162
M0637,1,15,118,4,7.87,37,162
M0637,2,6,47,0,7.83,2,165
M0637,2,10,91,1,9.1,6,165
M0637,2,12,105,2,8.75,8,165
M0637,2,15,127,2,8.47,4,165
M0638,1,6,41,2,6.83,0,150
M0638,1,10,73,2,7.3,4,150
M0638,1,12,85,5,7.08,3,150
M0638,1,15,104,6,6.93,9,150
M0638,2,6,58,1,9.67,1,159
M0638,2,10,95,2,9.5,0,159
M0638,2,12,118,2,9.83,2,159
M0638,2,15,140,3,9.33,1,159
M0639,1,6,57,2,9.5,6,139
M0639,1,10,79,3,7.9,10,139
M0639,1,12,89,3,7.42,22,139
M0639,1,15,119,3,7.93,7,139
M0639,2,6,40,5,6.67,22,103
M0639,2,10,66,5,6.6,7,103
M0639,2,12,72,9,6.0,19,103
M0639,2,15,89,9,5.93,8,103
M0640,1,6,58,2,9.67,5,187
M0640,1,10,103,2,10.3,4,187
M0640,1,12,127,3,10.58,1,187
M0640,1,15,153,4,10.2,4,187
M0640,2,6,32,2,5.33,19,109
M0640,2,10,60,3,6.0,2,109
M0640,2,12,66,4,5.5,14,109
M0640,2,15,87,6,5.8,0,109
M0641,1,6,35,0,5.83,9,154
M0641,1,10,76,1,7.6,2,154
M0641,1,12,91,1,7.58,10,154
M0641,1,15,115,1,7.67,0,154
M0641,2,6,42,3,7.0,5,106
M0641,2,10,70,5,7.0,12,106
M0641,2,12,82,6,6.83,2,106
M0641,2,15,93,8,6.2,10,106
M0642,1,6,32,1,5.33,1,143
M0642,1,10,60,3,6.0,5,143
M0642,1,12,76,3,6.33,0,143
M0642,1,15,102,3,6.8,6,143
M0642,2,6,55,1,9.17,0,174
M0642,2,10,97,1,9.7,0,174
M0642,2,12,119,3,9.92,1,174
M0642,2,15,134,3,8.93,19,174
M0643,1,6,46,1,7.67,7,158
M0643,1,10,68,1,6.8,1,158
M0643,1,12,105,4,8.75,2,158
M0643,1,15,132,5,8.8,1,158
M0643,2,6,38,3,6.33,4,98
M0643,2,10,67,5,6.7,12,98
M0643,2,12,83,7,6.92,4,98
M0644,1,6,72,2,12.0,3,194
M0644,1,10,106,2,10.6,9,194
M0644,1,12,119,2,9.92,2,194
M0644,1,15,143,4,9.53,4,194
M0644,2,6,53,2,8.83,0,152
M0644,2,10,89,3,8.9,0,152
M0644,2,12,98,5,8.17,0,152
M0644,2,15,112,7,7.47,14,152
M0645,1,6,56,2,9.33,1,162
M0645,1,10,82,3,8.2,3,162
M0645,1,12,95,3,7.92,11,162
M0645,1,15,124,5,8.27,2,162
M0645,2,6,49,1,8.17,10,184
M0645,2,10,73,2,7.3,7,184
M0645,2,12,93,2,7.75,1,184
M0645,2,15,115,2,7.67,7,184
M0646,1,6,45,2,7.5,0,156
M0646,1,10,82,4,8.2,7,156
M0646,1,12,91,4,7.58,9,156
M0646,1,15,112,6,7.47,12,156
M0646,2,6,50,1,8.33,0,143
M0646,2,10,72,2,7.2,2,143
M0646,2,12,84,2,7.0,0,143
M0646,2,15,108,3,7.2,5,143
M0647,1,6,43,0,7.17,6,140
M0647,1,10,70,1,7.0,4,140
M0647,1,12,85,1,7.08,2,140
M0647,1,15,108,3,7.2,5,140
M0647,2,6,51,2,8.5,3,143
M0647,2,10,75,3,7.5,14,143
M0647,2,12,93,5,7.75,1,143
M0647,2,15,117,6,7.8,7,143
M0648,1,6,49,2,8.17,2,125
M0648,1,10,67,6,6.7,10,125
M0648,1,12,76,6,6.33,22,125
M0648,1,15,91,7,6.07,40,125
M0648,2,6,49,1,8.17,2,157
M0648,2,10,79,1,7.9,14,157
M0648,2,12,96,2,8.0,2,157
M0648,2,15,122,3,8.13,7,157
M0649,1,6,37,3,6.17,21,154
M0649,1,10,78,4,7.8,0,154
M0649,1,12,89,4,7.42,3,154
M0649,1,15,117,5,7.8,2,154
M0649,2,6,69,1,11.5,0,204
M0649,2,10,99,1,9.9,1,204
M0649,2,12,109,1,9.08,13,204
M0649,2,15,125,1,8.33,7,204
M0650,1,6,72,2,12.0,0,175
M0650,1,10,91,4,9.1,14,175
M0650,1,12,102,4,8.5,10,175
M0650,1,15,117,5,7.8,28,175
M0650,2,6,59,4,9.83,5,156
M0650,2,10,99,6,9.9,8,156
M0650,2,12,115,7,9.58,0,156
M0650,2,15,133,9,8.87,2,156
M0651,1,6,56,1,9.33,4,167
M0651,1,10,90,1,9.0,11,167
M0651,1,12,105,1,8.75,3,167
M0651,1,15,137,2,9.13,4,167
M0651,2,6,52,2,8.67,3,163
M0651,2,10,93,3,9.3,10,163
M0651,2,12,102,4,8.5,5,163
M0651,2,15,123,4,8.2,1,163
M0652,1,6,38,4,6.33,16,154
M0652,1,10,70,6,7.0,3,154
M0652,1,12,86,7,7.17,4,154
M0652,1,15,122,7,8.13,0,154
M0652,2,6,60,0,10.0,3,171
M0652,2,10,89,2,8.9,6,171
M0652,2,12,110,2,9.17,1,171
M0652,2,15,130,2,8.67,2,171
M0653,1,6,47,3,7.83,5,156
M0653,1,10,87,4,8.7,5,156
M0653,1,12,100,5,8.33,7,156
M0653,1,15,115,6,7.67,16,156
M0653,2,6,54,2,9.0,5,142
M0653,2,10,91,4,9.1,10,142
M0653,2,12,105,5,8.75,2,142
M0653,2,15,124,6,8.27,13,142
M0654,1,6,57,1,9.5,0,177
M0654,1,10,88,1,8.8,3,177
M0654,1,12,100,1,8.33,7,177
M0654,1,15,117,1,7.8,3,177
M0654,2,6,48,2,8.0,21,120
M0654,2,10,75,6,7.5,20,120
M0654,2,12,90,7,7.5,1,120
M0654,2,15,113,8,7.53,3,120
M0655,1,6,37,3,6.17,3,142
M0655,1,10,61,4,6.1,6,142
M0655,1,12,90,5,7.5,2,142
M0655,1,15,108,5,7.2,5,142
M0655,2,6,42,0,7.0,36,142
M0655,2,10,71,0,7.1,8,142
M0655,2,12,93,0,7.75,6,142
M0655,2,15,109,0,7.27,24,142
M0656,1,6,53,2,8.83,0,169
M0656,1,10,93,4,9.3,15,169
M0656,1,12,109,5,9.08,6,169
M0656,1,15,135,7,9.0,1,169
M0656,2,6,30,6,5.0,22,113
M0656,2,10,60,8,6.0,2,113
M0656,2,12,72,8,6.0,5,113
M0656,2,15,87,8,5.8,23,113
M0657,1,6,32,2,5.33,18,126
M0657,1,10,70,3,7.0,5,126
M0657,1,12,81,3,6.75,11,126
M0657,1,15,101,5,6.73,6,126
M0657,2,6,41,2,6.83,3,159
M0657,2,10,68,3,6.8,9,159
M0657,2,12,87,3,7.25,4,159
M0657,2,15,113,3,7.53,9,159
M0658,1,6,28,1,4.67,1,151
M0658,1,10,49,2,4.9,3,151
M0658,1,12,66,2,5.5,0,151
M0658,1,15,99,4,6.6,5,151
M0658,2,6,90,3,15.0,1,198
M0658,2,10,118,3,11.8,1,198
M0658,2,12,137,3,11.42,4,198
M0658,2,15,156,4,10.4,11,198
M0659,1,6,52,2,8.67,2,193
M0659,1,10,91,3,9.1,7,193
M0659,1,12,104,4,8.67,2,193
M0659,1,15,143,6,9.53,9,193
M0659,2,6,47,1,7.83,6,181
M0659,2,10,88,3,8.8,0,181
M0659,2,12,113,3,9.42,0,181
M0659,2,15,129,4,8.6,12,181
M0660,1,6,45,1,7.5,0,151
M0660,1,10,79,1,7.9,0,151
M0660,1,12,105,2,8.75,2,151
M0660,1,15,125,3,8.33,3,151
M0660,2,6,42,0,7.0,19,182
M0660,2,10,93,0,9.3,1,182
M0660,2,12,114,0,9.5,1,182
M0660,2,15,134,1,8.93,3,182
M0661,1,6,65,1,10.83,0,166
M0661,1,10,91,2,9.1,14,166
M0661,1,12,106,3,8.83,3,166
M0661,1,15,127,5,8.47,8,166
M0661,2,6,64,1,10.67,6,188
M0661,2,10,102,1,10.2,10,188
M0661,2,12,123,1,10.25,2,188
M0661,2,15,137,2,9.13,7,188
M0662,1,6,44,0,7.33,12,162
M0662,1,10,86,0,8.6,3,162
M0662,1,12,108,1,9.0,7,162
M0662,1,15,122,1,8.13,25,162
M0662,2,6,37,2,6.17,11,191
M0662,2,10,91,4,9.1,7,191
M0662,2,12,106,5,8.83,3,191
M0662,2,15,140,5,9.33,1,191
M0663,1,6,62,2,10.33,4,208
M0663,1,10,100,3,10.0,16,208
M0663,1,12,133,3,11.08,2,208
M0663,1,15,157,3,10.47,13,208
M0663,2,6,58,2,9.67,1,152
M0663,2,10,93,4,9.3,3,152
M0663,2,12,115,5,9.58,5,152
M0663,2,15,125,5,8.33,2,152
M0664,1,6,53,4,8.83,2,163
M0664,1,10,102,4,10.2,1,163
M0664,1,12,110,5,9.17,3,163
M0664,1,15,134,5,8.93,5,163
M0664,2,6,56,3,9.33,0,181
M0664,2,10,97,3,9.7,0,181
M0664,2,12,118,3,9.83,5,181
M0664,2,15,135,3,9.0,15,181
M0665,1,6,51,2,8.5,5,153
M0665,1,10,82,4,8.2,1,153
M0665,1,12,91,5,7.58,3,153
M0665,1,15,104,7,6.93,21,153
M0665,2,6,74,1,12.33,9,171
M0665,2,10,103,2,10.3,7,171
M0665,2,12,111,2,9.25,19,171
M0665,2,15,137,3,9.13,2,171
M0666,1,6,69,1,11.5,5,203
M0666,1,10,122,2,12.2,11,203
M0666,1,12,140,3,11.67,4,203
M0666,1,15,161,3,10.73,11,203
M0666,2,6,37,1,6.17,4,137
M0666,2,10,86,2,8.6,0,137
M0666,2,12,102,3,8.5,3,137
M0666,2,15,123,5,8.2,2,137
M0667,1,6,45,1,7.5,2,148
M0667,1,10,98,3,9.8,0,148
M0667,1,12,117,3,9.75,0,148
M0667,1,15,128,4,8.53,18,148
M0667,2,6,73,3,12.17,2,173
M0667,2,10,93,3,9.3,17,173
M0667,2,12,112,4,9.33,1,173
M0667,2,15,136,5,9.07,3,173
M0668,1,6,56,2,9.33,1,151
M0668,1,10,77,3,7.7,13,151
M0668,1,12,92,3,7.67,1,151
M0668,1,15,104,4,6.93,19,151
M0668,2,6,46,0,7.67,1,222
M0668,2,10,93,0,9.3,1,222
M0668,2,12,119,0,9.92,2,222
M0668,2,15,155,0,10.33,0,222
M0669,1,6,58,1,9.67,0,158
M0669,1,10,87,2,8.7,9,158
M0669,1,12,114,4,9.5,1,158
M0669,1,15,132,5,8.8,0,158
M0669,2,6,51,2,8.5,6,151
M0669,2,10,81,3,8.1,1,151
M0669,2,12,92,4,7.67,7,151
M0669,2,15,104,5,6.93,25,151
M0670,1,6,34,0,5.67,14,169
M0670,1,10,70,1,7.0,1,169
M0670,1,12,83,1,6.92,6,169
M0670,1,15,110,2,7.33,7,169
M0670,2,6,61,2,10.17,3,195
M0670,2,10,98,4,9.8,3,195
M0670,2,12,106,4,8.83,15,195
M0670,2,15,140,4,9.33,1,195
M0671,1,6,58,0,9.67,17,171
M0671,1,10,96,3,9.6,11,171
M0671,1,12,111,3,9.25,4,171
M0671,1,15,138,4,9.2,10,171
M0671,2,6,71,2,11.83,0,162
M0671,2,10,100,2,10.0,3,162
M0671,2,12,116,2,9.67,4,162
M0671,2,15,132,2,8.8,2,162
M0672,1,6,52,2,8.67,5,159
M0672,1,10,74,4,7.4,2,159
M0672,1,12,89,5,7.42,0,159
M0672,1,15,110,5,7.33,3,159
M0672,2,6,36,4,6.0,5,132
M0672,2,10,74,5,7.4,2,132
M0672,2,12,84,6,7.0,3,132
M0672,2,15,103,7,6.87,16,132
M0673,1,6,71,3,11.83,0,135
M0673,1,10,103,6,10.3,3,135
M0673,1,12,116,8,9.67,4,135
M0673,1,15,129,9,8.6,4,135
M0673,2,6,41,1,6.83,1,172
M0673,2,10,82,2,8.2,2,172
M0673,2,12,90,3,7.5,14,172
M0673,2,15,123,3,8.2,5,172
M0674,1,6,42,1,7.0,11,138
M0674,1,10,65,1,6.5,1,138
M0674,1,12,77,1,6.42,6,138
M0674,1,15,103,3,6.87,5,138
M0674,2,6,68,2,11.33,0,208
M0674,2,10,116,2,11.6,7,208
M0674,2,12,121,2,10.08,19,208
M0674,2,15,157,3,10.47,0,208
M0675,1,6,42,3,7.0,17,140
M0675,1,10,72,3,7.2,1,140
M0675,1,12,92,3,7.67,4,140
M0675,1,15,107,3,7.13,7,140
M0675,2,6,35,3,5.83,1,143
M0675,2,10,78,4,7.8,0,143
M0675,2,12,103,4,8.58,2,143
M0675,2,15,125,5,8.33,4,143
M0676,1,6,55,4,9.17,3,150
M0676,1,10,80,6,8.0,0,150
M0676,1,12,94,6,7.83,9,150
M0676,1,15,114,7,7.6,8,150
M0676,2,6,70,0,11.67,2,208
M0676,2,10,114,1,11.4,1,208
M0676,2,12,132,2,11.0,7,208
M0676,2,15,156,2,10.4,1,208
M0677,1,6,44,2,7.33,4,142
M0677,1,10,63,4,6.3,13,142
M0677,1,12,73,4,6.08,4,142
M0677,1,15,108,6,7.2,0,142
M0677,2,6,51,1,8.5,2,185
M0677,2,10,96,2,9.6,0,185
M0677,2,12,118,2,9.83,0,185
M0677,2,15,141,2,9.4,0,185
M0678,1,6,39,0,6.5,11,148
M0678,1,10,78,3,7.8,6,148
M0678,1,12,82,4,6.83,18,148
M0678,1,15,119,6,7.93,0,148
M0678,2,6,31,1,5.17,19,109
M0678,2,10,48,3,4.8,43,109
M0678,2,12,63,3,5.25,55,109
M0678,2,15,78,3,5.2,73,109
M0679,1,6,37,0,6.17,1,142
M0679,1,10,64,0,6.4,4,142
M0679,1,12,81,2,6.75,6,142
M0679,1,15,99,3,6.6,1,142
M0679,2,6,55,2,9.17,3,154
M0679,2,10,85,4,8.5,6,154
M0679,2,12,99,4,8.25,2,154
M0679,2,15,125,5,8.33,0,154
M0680,1,6,48,3,8.0,4,165
M0680,1,10,70,4,7.0,0,165
M0680,1,12,79,5,6.58,12,165
M0680,1,15,111,6,7.4,2,165
M0680,2,6,65,1,10.83,3,192
M0680,2,10,101,2,10.1,3,192
M0680,2,12,117,3,9.75,1,192
M0680,2,15,140,3,9.33,11,192
M0681,1,6,53,6,8.83,3,109
M0681,1,10,69,7,6.9,22,109
M0681,1,12,87,8,7.25,2,109
M0681,1,15,103,8,6.87,1,109
M0681,2,6,53,1,8.83,4,152
M0681,2,10,94,3,9.4,6,152
M0681,2,12,109,4,9.08,5,152
M0681,2,15,128,4,8.53,2,152
M0682,1,6,52,0,8.67,21,154
M0682,1,10,85,3,8.5,3,154
M0682,1,12,98,3,8.17,2,154
M0682,1,15,114,3,7.6,0,154
M0682,2,6,35,2,5.83,1,163
M0682,2,10,81,2,8.1,4,163
M0682,2,12,89,3,7.42,16,163
M0682,2,15,118,4,7.87,8,163
M0683,1,6,49,3,8.17,3,161
M0683,1,10,84,4,8.4,0,161
M0683,1,12,101,4,8.42,3,161
M0683,1,15,119,5,7.93,2,161
M0683,2,6,54,1,9.0,21,195
M0683,2,10,83,2,8.3,0,195
M0683,2,12,111,3,9.25,2,195
M0683,2,15,143,4,9.53,1,195
M0684,1,6,62,4,10.33,11,154
M0684,1,10,83,5,8.3,1,154
M0684,1,12,90,5,7.5,13,154
M0684,1,15,116,5,7.73,0,154
M0684,2,6,63,1,10.5,2,159
M0684,2,10,91,3,9.1,3,159
M0684,2,12,106,3,8.83,3,159
M0684,2,15,129,3,8.6,1,159
M0685,1,6,64,0,10.67,1,202
M0685,1,10,109,1,10.9,1,202
M0685,1,12,130,1,10.83,1,202
M0685,1,15,149,2,9.93,10,202
M0685,2,6,36,1,6.0,19,146
M0685,2,10,61,2,6.1,10,146
M0685,2,12,77,2,6.42,3,146
M0685,2,15,97,3,6.47,0,146
M0686,1,6,53,1,8.83,19,173
M0686,1,10,90,1,9.0,0,173
M0686,1,12,110,2,9.17,3,173
M0686,1,15,124,2,8.27,7,173
M0686,2,6,56,2,9.33,4,164
M0686,2,10,90,4,9.0,0,164
M0686,2,12,104,4,8.67,6,164
M0686,2,15,116,4,7.73,5,164
M0687,1,6,77,2,12.83,0,210
M0687,1,10,131,4,13.1,0,210
M0687,1,12,137,4,11.42,12,210
M0687,1,15,157,4,10.47,1,210
M0687,2,6,60,1,10.0,5,179
M0687,2,10,90,2,9.0,8,179
M0687,2,12,108,3,9.0,1,179
M0687,2,15,130,3,8.67,4,179
M0688,1,6,61,1,10.17,2,177
M0688,1,10,90,2,9.0,5,177
M0688,1,12,107,2,8.92,0,177
M0688,1,15,126,2,8.4,2,177
M0688,2,6,51,1,8.5,0,178
M0688,2,10,91,3,9.1,5,178
M0688,2,12,106,3,8.83,2,178
M0688,2,15,125,4,8.33,12,178
M0689,1,6,69,2,11.5,1,172
M0689,1,10,113,4,11.3,0,172
M0689,1,12,127,5,10.58,0,172
M0689,1,15,147,7,9.8,7,172
M0689,2,6,47,0,7.83,7,175
M0689,2,10,87,1,8.7,6,175
M0689,2,12,105,1,8.75,5,175
M0689,2,15,123,2,8.2,17,175
M0690,1,6,51,1,8.5,0,153
M0690,1,10,90,2,9.0,0,153
M0690,1,12,108,3,9.0,4,153
M0690,1,15,119,3,7.93,8,153
M0690,2,6,64,4,10.67,0,141
M0690,2,10,105,6,10.5,1,141
M0690,2,12,118,6,9.83,6,141
M0690,2,15,130,9,8.67,24,141
M0691,1,6,41,2,6.83,3,175
M0691,1,10,76,3,7.6,5,175
M0691,1,12,89,3,7.42,4,175
M0691,1,15,112,3,7.47,7,175
M0691,2,6,53,5,8.83,3,142
M0691,2,10,78,5,7.8,14,142
M0691,2,12,96,5,8.0,8,142
M0691,2,15,116,6,7.73,0,142
M0692,1,6,45,0,7.5,6,196
M0692,1,10,82,0,8.2,0,196
M0692,1,12,110,0,9.17,2,196
M0692,1,15,149,0,9.93,0,196
M0692,2,6,58,1,9.67,0,185
M0692,2,10,89,1,8.9,1,185
M0692,2,12,109,1,9.08,3,185
M0692,2,15,139,2,9.27,0,185
M0693,1,6,54,1,9.0,1,216
M0693,1,10,104,1,10.4,0,216
M0693,1,12,132,1,11.0,1,216
M0693,1,15,158,1,10.53,4,216
M0693,2,6,45,2,7.5,14,139
M0693,2,10,78,2,7.8,3,139
M0693,2,12,87,2,7.25,15,139
M0693,2,15,100,3,6.67,3,139
M0694,1,6,77,0,12.83,0,172
M0694,1,10,119,2,11.9,4,172
M0694,1,12,122,4,10.17,16,172
M0694,1,15,142,4,9.47,3,172
M0694,2,6,52,2,8.67,0,132
M0694,2,10,73,5,7.3,8,132
M0694,2,12,82,6,6.83,6,132
M0694,2,15,100,7,6.67,4,132
M0695,1,6,47,0,7.83,0,177
M0695,1,10,86,0,8.6,4,177
M0695,1,12,96,0,8.0,16,177
M0695,1,15,131,1,8.73,0,177
M0695,2,6,46,1,7.67,3,148
M0695,2,10,68,1,6.8,14,148
M0695,2,12,90,1,7.5,3,148
M0695,2,15,110,2,7.33,1,148
M0696,1,6,55,2,9.17,5,178
M0696,1,10,110,3,11.0,3,178
M0696,1,12,128,4,10.67,0,178
M0696,1,15,142,5,9.47,14,178
M0696,2,6,45,4,7.5,2,122
M0696,2,10,72,6,7.2,14,122
M0696,2,12,80,6,6.67,1,122
M0696,2,15,89,7,5.93,19,122
M0697,1,6,41,1,6.83,0,154
M0697,1,10,70,3,7.0,3,154
M0697,1,12,81,4,6.75,7,154
M0697,1,15,106,4,7.07,4,154
M0697,2,6,49,1,8.17,0,139
M0697,2,10,75,3,7.5,8,139
M0697,2,12,95,4,7.92,1,139
M0697,2,15,117,7,7.8,6,139
M0698,1,6,37,2,6.17,24,121
M0698,1,10,69,3,6.9,5,121
M0698,1,12,80,4,6.67,17,121
M0698,1,15,99,4,6.6,5,121
M0698,2,6,38,1,6.33,4,144
M0698,2,10,63,1,6.3,13,144
M0698,2,12,74,2,6.17,0,144
M0698,2,15,103,2,6.87,0,144
M0699,1,6,58,0,9.67,1,179
M0699,1,10,91,1,9.1,7,179
M0699,1,12,102,2,8.5,19,179
M0699,1,15,124,2,8.27,1,179
M0699,2,6,63,1,10.5,14,178
M0699,2,10,93,1,9.3,13,178
M0699,2,12,113,1,9.42,0,178
M0699,2,15,135,2,9.0,0,178
M0700,1,6,73,0,12.17,4,180
M0700,1,10,96,0,9.6,9,180
M0700,1,12,115,0,9.58,0,180
M0700,1,15,138,2,9.2,3,180
M0700,2,6,68,1,11.33,0,184
M0700,2,10,99,2,9.9,13,184
M0700,2,12,106,2,8.83,25,184
M0700,2,15,130,3,8.67,2,184
M0701,1,6,39,2,6.5,8,160
M0701,1,10,79,3,7.9,0,160
M0701,1,12,105,3,8.75,1,160
M0701,1,15,132,4,8.8,7,160
M0701,2,6,51,1,8.5,6,161
M0701,2,10,88,1,8.8,4,161
M0701,2,12,112,2,9.33,1,161
M0701,2,15,126,4,8.4,10,161
M0702,1,6,63,0,10.5,8,220
M0702,1,10,99,1,9.9,13,220
M0702,1,12,121,2,10.08,3,220
M0702,1,15,161,2,10.73,1,220
M0702,2,6,64,2,10.67,5,157
M0702,2,10,87,4,8.7,15,157
M0702,2,12,103,4,8.58,2,157
M0702,2,15,123,5,8.2,4,157
M0703,1,6,67,4,11.17,2,178
M0703,1,10,92,5,9.2,5,178
M0703,1,12,110,5,9.17,3,178
M0703,1,15,129,5,8.6,12,178
M0703,2,6,54,3,9.0,9,138
M0703,2,10,78,5,7.8,7,138
M0703,2,12,100,5,8.33,0,138
M0703,2,15,118,6,7.87,4,138
M0704,1,6,28,2,4.67,6,129
M0704,1,10,59,2,5.9,7,129
M0704,1,12,76,3,6.33,1,129
M0704,1,15,87,4,5.8,9,129
M0704,2,6,54,1,9.0,7,187
M0704,2,10,87,1,8.7,4,187
M0704,2,12,105,1,8.75,5,187
M0704,2,15,132,1,8.8,0,187
M0705,1,6,60,0,10.0,5,201
M0705,1,10,107,2,10.7,0,201
M0705,1,12,123,2,10.25,3,201
M0705,1,15,156,2,10.4,7,201
M0705,2,6,38,2,6.33,18,125
M0705,2,10,64,3,6.4,1,125
M0705,2,12,74,5,6.17,13,125
M0705,2,15,93,6,6.2,13,125
M0706,1,6,60,0,10.0,1,183
M0706,1,10,92,0,9.2,0,183
M0706,1,12,108,1,9.0,6,183
M0706,1,15,122,1,8.13,24,183
M0706,2,6,43,2,7.17,9,131
M0706,2,10,64,3,6.4,4,131
M0706,2,12,75,3,6.25,6,131
M0706,2,15,105,4,7.0,4,131
M0707,1,6,62,1,10.33,8,166
M0707,1,10,79,1,7.9,1,166
M0707,1,12,96,1,8.0,1,166
M0707,1,15,122,2,8.13,4,166
M0707,2,6,62,1,10.33,5,189
M0707,2,10,104,2,10.4,0,189
M0707,2,12,126,2,10.5,0,189
M0707,2,15,147,2,9.8,1,189
M0708,1,6,46,4,7.67,4,152
M0708,1,10,68,5,6.8,0,152
M0708,1,12,80,5,6.67,10,152
M0708,1,15,108,5,7.2,6,152
M0708,2,6,59,3,9.83,2,158
M0708,2,10,86,4,8.6,2,158
M0708,2,12,95,4,7.92,9,158
M0708,2,15,114,5,7.6,12,158
M0709,1,6,65,0,10.83,2,172
M0709,1,10,86,3,8.6,3,172
M0709,1,12,95,3,7.92,2,172
M0709,1,15,125,3,8.33,1,172
M0709,2,6,47,3,7.83,1,141
M0709,2,10,67,5,6.7,4,141
M0709,2,12,75,6,6.25,8,141
M0709,2,15,90,6,6.0,7,141
M0710,1,6,29,1,4.83,35,141
M0710,1,10,64,2,6.4,17,141
M0710,1,12,81,2,6.75,29,141
M0710,1,15,95,2,6.33,47,141
M0710,2,6,45,0,7.5,2,176
M0710,2,10,89,0,8.9,11,176
M0710,2,12,110,0,9.17,9,176
M0710,2,15,130,0,8.67,3,176
M0711,1,6,66,2,11.0,3,196
M0711,1,10,97,2,9.7,5,196
M0711,1,12,111,2,9.25,8,196
M0711,1,15,132,2,8.8,7,196
M0711,2,6,62,1,10.33,1,193
M0711,2,10,111,2,11.1,0,193
M0711,2,12,134,2,11.17,2,193
M0711,2,15,165,4,11.0,13,193
M0712,1,6,43,0,7.17,4,158
M0712,1,10,78,1,7.8,2,158
M0712,1,12,87,1,7.25,14,158
M0712,1,15,109,3,7.27,5,158
M0712,2,6,35,0,5.83,2,144
M0712,2,10,54,3,5.4,0,144
M0712,2,12,66,4,5.5,3,144
M0712,2,15,93,5,6.2,2,144
M0713,1,6,71,1,11.83,2,216
M0713,1,10,122,1,12.2,5,216
M0713,1,12,149,2,12.42,2,216
M0713,1,15,170,2,11.33,3,216
M0713,2,6,46,2,7.67,3,156
M0713,2,10,73,3,7.3,6,156
M0713,2,12,92,3,7.67,2,156
M0713,2,15,116,3,7.73,0,156
M0714,1,6,77,1,12.83,5,181
M0714,1,10,117,3,11.7,1,181
M0714,1,12,132,3,11.0,5,181
M0714,1,15,149,4,9.93,2,181
M0714,2,6,41,1,6.83,26,137
M0714,2,10,83,1,8.3,2,137
M0714,2,12,92,1,7.67,9,137
M0714,2,15,106,4,7.07,4,137
M0715,1,6,45,3,7.5,9,152
M0715,1,10,78,3,7.8,5,152
M0715,1,12,103,3,8.58,1,152
M0715,1,15,122,4,8.13,3,152
M0715,2,6,53,1,8.83,0,187
M0715,2,10,102,4,10.2,2,187
M0715,2,12,110,5,9.17,14,187
M0715,2,15,129,5,8.6,14,187
M0716,1,6,55,1,9.17,4,163
M0716,1,10,94,2,9.4,9,163
M0716,1,12,102,3,8.5,4,163
M0716,1,15,135,5,9.0,4,163
M0716,2,6,63,3,10.5,16,155
M0716,2,10,87,5,8.7,0,155
M0716,2,12,96,6,8.0,3,155
M0716,2,15,121,7,8.07,5,155
M0717,1,6,50,1,8.33,6,157
M0717,1,10,80,1,8.0,30,157
M0717,1,12,99,1,8.25,3,157
M0717,1,15,125,2,8.33,2,157
M0717,2,6,48,0,8.0,2,157
M0717,2,10,82,1,8.2,17,157
M0717,2,12,91,1,7.58,29,157
M0717,2,15,120,3,8.0,10,157
M0718,1,6,46,0,7.67,5,159
M0718,1,10,80,4,8.0,8,159
M0718,1,12,96,5,8.0,3,159
M0718,1,15,113,5,7.53,3,159
M0718,2,6,62,2,10.33,11,152
M0718,2,10,89,3,8.9,0,152
M0718,2,12,105,4,8.75,5,152
M0718,2,15,125,6,8.33,0,152
M0719,1,6,69,0,11.5,9,172
M0719,1,10,111,0,11.1,2,172
M0719,1,12,127,3,10.58,11,172
M0719,1,15,142,5,9.47,11,172
M0719,2,6,61,2,10.17,5,150
M0719,2,10,91,3,9.1,19,150
M0719,2,12,102,5,8.5,5,150
M0719,2,15,120,6,8.0,1,150
M0720,1,6,64,2,10.67,1,206
M0720,1,10,100,2,10.0,2,206
M0720,1,12,116,2,9.67,4,206
M0720,1,15,145,3,9.67,2,206
M0720,2,6,56,1,9.33,0,184
M0720,2,10,94,3,9.4,0,184
M0720,2,12,121,3,10.08,2,184
M0720,2,15,147,4,9.8,0,184
M0721,1,6,43,2,7.17,3,151
M0721,1,10,69,2,6.9,0,151
M0721,1,12,90,3,7.5,3,151
M0721,1,15,104,3,6.93,9,151
M0721,2,6,42,2,7.0,2,148
M0721,2,10,68,3,6.8,3,148
M0721,2,12,78,3,6.5,9,148
M0721,2,15,96,6,6.4,15,148
M0722,1,6,50,1,8.33,3,192
M0722,1,10,85,2,8.5,8,192
M0722,1,12,104,2,8.67,5,192
M0722,1,15,135,2,9.0,1,192
M0722,2,6,68,2,11.33,0,194
M0722,2,10,107,5,10.7,0,194
M0722,2,12,124,5,10.33,4,194
M0722,2,15,154,6,10.27,1,194
M0723,1,6,50,2,8.33,6,136
M0723,1,10,76,2,7.6,4,136
M0723,1,12,91,2,7.58,9,136
M0723,1,15,111,4,7.4,3,136
M0723,2,6,47,1,7.83,0,163
M0723,2,10,73,1,7.3,1,163
M0723,2,12,92,1,7.67,3,163
M0723,2,15,119,3,7.93,12,163
M0724,1,6,55,1,9.17,0,210
M0724,1,10,112,1,11.2,0,210
M0724,1,12,125,1,10.42,4,210
M0724,1,15,160,1,10.67,3,210
M0724,2,6,47,1,7.83,4,172
M0724,2,10,78,3,7.8,1,172
M0724,2,12,99,3,8.25,2,172
M0724,2,15,125,3,8.33,2,172
M0725,1,6,35,1,5.83,3,177
M0725,1,10,78,1,7.8,3,177
M0725,1,12,101,1,8.42,0,177
M0725,1,15,129,2,8.6,5,177
M0725,2,6,68,2,11.33,0,181
M0725,2,10,97,2,9.7,1,181
M0725,2,12,107,3,8.92,0,181
M0725,2,15,132,4,8.8,1,181
M0726,1,6,49,0,8.17,2,183
M0726,1,10,74,0,7.4,1,183
M0726,1,12,84,1,7.0,4,183
M0726,1,15,122,2,8.13,4,183
M0726,2,6,41,1,6.83,10,170
M0726,2,10,73,2,7.3,4,170
M0726,2,12,96,2,8.0,3,170
M0726,2,15,108,3,7.2,21,170
M0727,1,6,61,5,10.17,2,144
M0727,1,10,85,5,8.5,0,144
M0727,1,12,97,5,8.08,4,144
M0727,1,15,111,6,7.4,3,144
M0727,2,6,42,0,7.0,1,154
M0727,2,10,66,1,6.6,10,154
M0727,2,12,86,1,7.17,8,154
M0727,2,15,117,2,7.8,0,154
M0728,1,6,76,3,12.67,0,183
M0728,1,10,99,4,9.9,7,183
M0728,1,12,114,5,9.5,1,183
M0728,1,15,145,6,9.67,2,183
M0728,2,6,51,1,8.5,2,187
M0728,2,10,111,5,11.1,3,187
M0728,2,12,125,5,10.42,0,187
M0728,2,15,153,6,10.2,3,187
M0729,1,6,46,2,7.67,8,144
M0729,1,10,72,3,7.2,8,144
M0729,1,12,82,4,6.83,5,144
M0729,1,15,120,4,8.0,5,144
M0729,2,6,45,1,7.5,11,165
M0729,2,10,89,2,8.9,5,165
M0729,2,12,102,2,8.5,17,165
M0729,2,15,128,2,8.53,0,165
M0730,1,6,42,1,7.0,1,128
M0730,1,10,82,4,8.2,1,128
M0730,1,12,85,4,7.08,13,128
M0730,1,15,101,4,6.73,10,128
M0730,2,6,54,1,9.0,5,159
M0730,2,10,84,1,8.4,4,159
M0730,2,12,94,1,7.83,3,159
M0730,2,15,115,1,7.67,0,159
M0731,1,6,38,0,6.33,3,157
M0731,1,10,81,0,8.1,2,157
M0731,1,12,104,0,8.67,7,157
M0731,1,15,120,1,8.0,17,157
M0731,2,6,64,1,10.67,0,165
M0731,2,10,90,2,9.0,1,165
M0731,2,12,110,3,9.17,4,165
M0731,2,15,137,6,9.13,5,165
M0732,1,6,50,3,8.33,5,169
M0732,1,10,84,4,8.4,7,169
M0732,1,12,106,4,8.83,5,169
M0732,1,15,129,5,8.6,10,169
M0732,2,6,90,3,15.0,4,212
M0732,2,10,146,3,14.6,0,212
M0732,2,12,167,5,13.92,5,212
M0732,2,15,180,5,12.0,11,212
M0733,1,6,71,2,11.83,3,162
M0733,1,10,106,4,10.6,1,162
M0733,1,12,112,4,9.33,13,162
M0733,1,15,127,5,8.47,7,162
M0733,2,6,51,1,8.5,3,189
M0733,2,10,88,3,8.8,0,189
M0733,2,12,110,4,9.17,1,189
M0733,2,15,138,4,9.2,0,189
M0734,1,6,35,4,5.83,15,137
M0734,1,10,61,4,6.1,0,137
M0734,1,12,81,4,6.75,4,137
M0734,1,15,104,4,6.93,12,137
M0734,2,6,54,1,9.0,1,167
M0734,2,10,90,2,9.0,1,167
M0734,2,12,108,2,9.0,3,167
M0734,2,15,133,3,8.87,3,167
M0735,1,6,45,2,7.5,10,144
M0735,1,10,84,4,8.4,1,144
M0735,1,12,93,5,7.75,8,144
M0735,1,15,112,5,7.47,1,144
M0735,2,6,55,4,9.17,6,127
M0735,2,10,81,6,8.1,1,127
M0735,2,12,92,7,7.67,4,127
M0735,2,15,104,8,6.93,11,127
M0736,1,6,49,3,8.17,7,133
M0736,1,10,78,5,7.8,18,133
M0736,1,12,96,5,8.0,2,133
M0736,1,15,115,8,7.67,5,133
M0736,2,6,65,1,10.83,10,144
M0736,2,10,95,4,9.5,0,144
M0736,2,12,100,5,8.33,12,144
M0736,2,15,113,6,7.53,2,144
M0737,1,6,75,1,12.5,3,182
M0737,1,10,101,1,10.1,0,182
M0737,1,12,123,2,10.25,1,182
M0737,1,15,148,2,9.87,1,182
M0737,2,6,60,2,10.0,4,169
M0737,2,10,89,2,8.9,5,169
M0737,2,12,104,2,8.67,1,169
M0737,2,15,123,5,8.2,10,169
M0738,1,6,41,1,6.83,0,148
M0738,1,10,78,1,7.8,1,148
M0738,1,12,94,1,7.83,6,148
M0738,1,15,103,2,6.87,24,148
M0738,2,6,61,1,10.17,6,171
M0738,2,10,93,4,9.3,1,171
M0738,2,12,98,6,8.17,7,171
M0738,2,15,130,6,8.67,0,171
M0739,1,6,47,2,7.83,1,163
M0739,1,10,93,2,9.3,5,163
M0739,1,12,100,3,8.33,17,163
M0739,1,15,119,4,7.93,3,163
M0739,2,6,62,1,10.33,0,151
M0739,2,10,92,4,9.2,1,151
M0739,2,12,107,6,8.92,8,151
M0739,2,15,126,6,8.4,8,151
M0740,1,6,49,1,8.17,6,172
M0740,1,10,59,1,5.9,30,172
M0740,1,12,84,1,7.0,4,172
M0740,1,15,118,1,7.87,0,172
M0740,2,6,57,3,9.5,9,169
M0740,2,10,90,4,9.0,1,169
M0740,2,12,116,4,9.67,2,169
M0740,2,15,140,5,9.33,9,169
M0741,1,6,80,0,13.33,4,219
M0741,1,10,117,2,11.7,8,219
M0741,1,12,136,2,11.33,2,219
M0741,1,15,173,2,11.53,1,219
M0741,2,6,38,0,6.33,11,114
M0741,2,10,49,2,4.9,35,114
M0741,2,12,63,4,5.25,6,114
M0741,2,15,78,6,5.2,12,114
M0742,1,6,56,1,9.33,0,174
M0742,1,10,88,1,8.8,4,174
M0742,1,12,108,2,9.0,6,174
M0742,1,15,133,2,8.87,2,174
M0742,2,6,38,2,6.33,12,138
M0742,2,10,65,3,6.5,8,138
M0742,2,12,86,3,7.17,2,138
M0742,2,15,106,3,7.07,6,138
M0743,1,6,43,2,7.17,0,169
M0743,1,10,77,2,7.7,1,169
M0743,1,12,89,2,7.42,10,169
M0743,1,15,111,2,7.4,7,169
M0743,2,6,59,1,9.83,4,164
M0743,2,10,84,1,8.4,2,164
M0743,2,12,100,3,8.33,5,164
M0743,2,15,119,3,7.93,1,164
M0744,1,6,61,1,10.17,6,175
M0744,1,10,89,2,8.9,6,175
M0744,1,12,109,2,9.08,5,175
M0744,1,15,119,3,7.93,10,175
M0744,2,6,52,4,8.67,0,126
M0744,2,10,74,5,7.4,8,126
M0744,2,12,84,5,7.0,4,126
M0744,2,15,96,6,6.4,4,126
M0745,1,6,44,2,7.33,4,164
M0745,1,10,75,2,7.5,4,164
M0745,1,12,102,2,8.5,0,164
M0745,1,15,128,2,8.53,1,164
M0745,2,6,54,4,9.0,0,165
M0745,2,10,75,5,7.5,11,165
M0745,2,12,87,5,7.25,8,165
M0745,2,15,110,5,7.33,9,165
M0746,1,6,44,2,7.33,2,137
M0746,1,10,69,2,6.9,17,137
M0746,1,12,84,2,7.0,9,137
M0746,1,15,98,4,6.53,16,137
M0746,2,6,35,1,5.83,16,122
M0746,2,10,57,2,5.7,12,122
M0746,2,12,75,3,6.25,0,122
M0746,2,15,91,6,6.07,11,122
M0747,1,6,62,2,10.33,4,176
M0747,1,10,98,2,9.8,3,176
M0747,1,12,111,3,9.25,5,176
M0747,1,15,139,3,9.27,2,176
M0747,2,6,45,0,7.5,4,129
M0747,2,10,65,1,6.5,23,129
M0747,2,12,85,1,7.08,7,129
M0747,2,15,95,1,6.33,0,129
M0748,1,6,68,0,11.33,11,175
M0748,1,10,108,2,10.8,1,175
M0748,1,12,125,3,10.42,6,175
M0748,1,15,136,4,9.07,24,175
M0748,2,6,32,3,5.33,5,120
M0748,2,10,58,4,5.8,3,120
M0748,2,12,69,4,5.75,15,120
M0748,2,15,84,4,5.6,33,120
M0749,1,6,77,1,12.83,0,194
M0749,1,10,111,1,11.1,6,194
M0749,1,12,119,2,9.92,2,194
M0749,1,15,144,4,9.6,1,194
M0749,2,6,43,1,7.17,4,149
M0749,2,10,63,1,6.3,18,149
M0749,2,12,77,2,6.42,1,149
M0749,2,15,94,5,6.27,10,149
M0750,1,6,50,1,8.33,1,175
M0750,1,10,86,1,8.6,7,175
M0750,1,12,105,1,8.75,1,175
M0750,1,15,135,3,9.0,6,175
M0750,2,6,68,0,11.33,6,207
M0750,2,10,101,0,10.1,10,207
M0750,2,12,123,0,10.25,3,207
M0750,2,15,162,0,10.8,0,207
M0751,1,6,45,4,7.5,9,118
M0751,1,10,63,6,6.3,33,118
M0751,1,12,75,6,6.25,4,118
M0751,1,15,99,6,6.6,6,118
M0751,2,6,39,1,6.5,13,146
M0751,2,10,69,1,6.9,12,146
M0751,2,12,84,1,7.0,6,146
M0751,2,15,109,5,7.27,0,146
M0752,1,6,46,2,7.67,10,214
M0752,1,10,100,2,10.0,5,214
M0752,1,12,119,2,9.92,7,214
M0752,1,15,144,2,9.6,6,214
M0752,2,6,38,1,6.33,12,121
M0752,2,10,58,6,5.8,36,121
M0752,2,12,70,6,5.83,8,121
M0752,2,15,90,7,6.0,10,121
M0753,1,6,68,3,11.33,1,156
M0753,1,10,103,4,10.3,7,156
M0753,1,12,114,6,9.5,5,156
M0753,1,15,129,6,8.6,14,156
M0753,2,6,53,1,8.83,0,176
M0753,2,10,82,2,8.2,0,176
M0753,2,12,102,2,8.5,3,176
M0753,2,15,127,2,8.47,3,176
M0754,1,6,59,2,9.83,2,175
M0754,1,10,100,4,10.0,0,175
M0754,1,12,118,4,9.83,2,175
M0754,1,15,136,5,9.07,2,175
M0754,2,6,45,3,7.5,13,138
M0754,2,10,75,5,7.5,6,138
M0754,2,12,88,5,7.33,5,138
M0754,2,15,101,5,6.73,9,138
M0755,1,6,44,1,7.33,2,155
M0755,1,10,78,3,7.8,3,155
M0755,1,12,92,3,7.67,0,155
M0755,1,15,119,3,7.93,0,155
M0755,2,6,74,1,12.33,1,195
M0755,2,10,117,3,11.7,3,195
M0755,2,12,131,5,10.92,5,195
M0755,2,15,163,6,10.87,7,195
M0756,1,6,75,1,12.5,1,179
M0756,1,10,97,3,9.7,7,179
M0756,1,12,109,3,9.08,0,179
M0756,1,15,130,5,8.67,4,179
M0756,2,6,34,1,5.67,19,128
M0756,2,10,70,2,7.0,1,128
M0756,2,12,77,3,6.42,13,128
M0756,2,15,105,5,7.0,2,128
M0757,1,6,49,0,8.17,2,139
M0757,1,10,77,0,7.7,0,139
M0757,1,12,86,0,7.17,12,139
M0757,1,15,101,0,6.73,30,139
M0757,2,6,51,1,8.5,1,160
M0757,2,10,89,2,8.9,16,160
M0757,2,12,103,2,8.58,4,160
M0757,2,15,116,4,7.73,13,160
M0758,1,6,77,5,12.83,14,192
M0758,1,10,108,5,10.8,2,192
M0758,1,12,118,5,9.83,14,192
M0758,1,15,147,5,9.8,13,192
M0758,2,6,57,2,9.5,13,165
M0758,2,10,92,2,9.2,8,165
M0758,2,12,104,3,8.67,3,165
M0758,2,15,129,4,8.6,9,165
M0759,1,6,41,2,6.83,2,157
M0759,1,10,84,2,8.4,0,157
M0759,1,12,101,4,8.42,2,157
M0759,1,15,116,6,7.73,2,157
M0759,2,6,56,1,9.33,2,157
M0759,2,10,80,1,8.0,5,157
M0759,2,12,97,1,8.08,3,157
M0759,2,15,115,4,7.67,7,157
M0760,1,6,61,3,10.17,4,170
M0760,1,10,92,3,9.2,3,170
M0760,1,12,108,4,9.0,2,170
M0760,1,15,139,6,9.27,4,170
M0760,2,6,52,2,8.67,8,163
M0760,2,10,83,3,8.3,4,163
M0760,2,12,90,3,7.5,16,163
M0760,2,15,118,4,7.87,0,163
M0761,1,6,46,0,7.67,1,147
M0761,1,10,76,1,7.6,13,147
M0761,1,12,93,2,7.75,2,147
M0761,1,15,111,2,7.4,3,147
M0761,2,6,47,4,7.83,13,171
M0761,2,10,82,5,8.2,6,171
M0761,2,12,100,5,8.33,3,171
M0761,2,15,123,5,8.2,4,171
M0762,1,6,42,4,7.0,0,141
M0762,1,10,72,7,7.2,10,141
M0762,1,12,76,7,6.33,22,141
M0762,1,15,108,7,7.2,2,141
M0762,2,6,48,2,8.0,3,177
M0762,2,10,81,2,8.1,5,177
M0762,2,12,98,2,8.17,0,177
M0762,2,15,137,4,9.13,2,177
M0763,1,6,62,3,10.33,0,157
M0763,1,10,99,4,9.9,0,157
M0763,1,12,111,4,9.25,2,157
M0763,1,15,118,4,7.87,20,157
M0763,2,6,41,2,6.83,9,160
M0763,2,10,74,3,7.4,2,160
M0763,2,12,94,3,7.83,2,160
M0763,2,15,118,3,7.87,8,160
M0764,1,6,53,0,8.83,3,157
M0764,1,10,87,2,8.7,1,157
M0764,1,12,104,2,8.67,0,157
M0764,1,15,125,4,8.33,1,157
M0764,2,6,59,1,9.83,3,128
M0764,2,10,75,3,7.5,10,128
M0764,2,12,84,3,7.0,11,128
M0764,2,15,108,5,7.2,1,128
M0765,1,6,54,1,9.0,8,206
M0765,1,10,108,3,10.8,7,206
M0765,1,12,124,3,10.33,10,206
M0765,1,15,156,4,10.4,10,206
M0765,2,6,64,0,10.67,0,170
M0765,2,10,94,1,9.4,0,170
M0765,2,12,112,3,9.33,0,170
M0765,2,15,131,3,8.73,10,170
M0766,1,6,45,2,7.5,11,145
M0766,1,10,77,2,7.7,0,145
M0766,1,12,93,2,7.75,7,145
M0766,1,15,109,4,7.27,11,145
M0766,2,6,32,3,5.33,0,113
M0766,2,10,53,4,5.3,12,113
M0766,2,12,60,4,5.0,24,113
M0766,2,15,82,6,5.47,1,113
M0767,1,6,33,1,5.5,1,153
M0767,1,10,67,2,6.7,5,153
M0767,1,12,83,2,6.92,5,153
M0767,1,15,105,2,7.0,12,153
M0767,2,6,63,4,10.5,13,148
M0767,2,10,87,5,8.7,9,148
M0767,2,12,93,5,7.75,21,148
M0767,2,15,112,5,7.47,5,148
M0768,1,6,49,2,8.17,3,153
M0768,1,10,73,3,7.3,8,153
M0768,1,12,85,3,7.08,9,153
M0768,1,15,114,5,7.6,12,153
M0768,2,6,39,3,6.5,5,123
M0768,2,10,58,6,5.8,0,123
M0768,2,12,63,6,5.25,12,123
M0768,2,15,92,6,6.13,1,123
M0769,1,6,42,1,7.0,36,142
M0769,1,10,69,2,6.9,60,142
M0769,1,12,79,2,6.58,72,142
M0769,1,15,100,3,6.67,4,142
M0769,2,6,44,0,7.33,0,188
M0769,2,10,84,0,8.4,3,188
M0769,2,12,107,0,8.92,3,188
M0769,2,15,135,0,9.0,1,188
M0770,1,6,56,1,9.33,5,149
M0770,1,10,89,1,8.9,4,149
M0770,1,12,97,2,8.08,16,149
M0770,1,15,106,2,7.07,34,149
M0770,2,6,48,0,8.0,0,154
M0770,2,10,71,1,7.1,14,154
M0770,2,12,80,1,6.67,26,154
M0770,2,15,103,2,6.87,6,154
M0771,1,6,68,1,11.33,8,191
M0771,1,10,107,2,10.7,1,191
M0771,1,12,126,2,10.5,4,191
M0771,1,15,152,2,10.13,1,191
M0771,2,6,42,2,7.0,9,166
M0771,2,10,73,3,7.3,6,166
M0771,2,12,94,4,7.83,1,166
M0771,2,15,117,4,7.8,4,166
M0772,1,6,49,1,8.17,0,174
M0772,1,10,85,3,8.5,2,174
M0772,1,12,103,3,8.58,4,174
M0772,1,15,136,4,9.07,5,174
M0772,2,6,46,3,7.67,13,166
M0772,2,10,84,3,8.4,8,166
M0772,2,12,91,3,7.58,20,166
M0772,2,15,111,3,7.4,0,166
M0773,1,6,59,1,9.83,3,169
M0773,1,10,83,2,8.3,20,169
M0773,1,12,107,2,8.92,9,169
M0773,1,15,132,3,8.8,0,169
M0773,2,6,70,0,11.67,2,169
M0773,2,10,107,1,10.7,9,169
M0773,2,12,114,2,9.5,2,169
M0773,2,15,132,5,8.8,8,169
M0774,1,6,50,1,8.33,3,149
M0774,1,10,72,2,7.2,27,149
M0774,1,12,77,4,6.42,39,149
M0774,1,15,102,5,6.8,6,149
M0774,2,6,45,2,7.5,1,160
M0774,2,10,81,2,8.1,1,160
M0774,2,12,100,3,8.33,0,160
M0774,2,15,119,4,7.93,14,160
M0775,1,6,45,2,7.5,4,159
M0775,1,10,75,2,7.5,2,159
M0775,1,12,81,3,6.75,14,159
M0775,1,15,110,4,7.33,1,159
M0775,2,6,59,2,9.83,0,148
M0775,2,10,77,4,7.7,18,148
M0775,2,12,90,5,7.5,4,148
M0775,2,15,108,5,7.2,2,148
M0776,1,6,38,2,6.33,3,135
M0776,1,10,78,3,7.8,4,135
M0776,1,12,90,4,7.5,0,135
M0776,1,15,113,4,7.53,2,135
M0776,2,6,47,0,7.83,7,148
M0776,2,10,82,2,8.2,2,148
M0776,2,12,90,4,7.5,14,148
M0776,2,15,113,6,7.53,4,148
M0777,1,6,66,3,11.0,5,189
M0777,1,10,89,3,8.9,0,189
M0777,1,12,104,3,8.67,2,189
M0777,1,15,133,3,8.87,0,189
M0777,2,6,76,0,12.67,4,201
M0777,2,10,95,0,9.5,2,201
M0777,2,12,115,0,9.58,1,201
M0777,2,15,141,3,9.4,9,201
M0778,1,6,33,2,5.5,23,151
M0778,1,10,64,2,6.4,11,151
M0778,1,12,79,3,6.58,1,151
M0778,1,15,102,4,6.8,16,151
M0778,2,6,49,1,8.17,11,170
M0778,2,10,79,3,7.9,7,170
M0778,2,12,107,3,8.92,0,170
M0778,2,15,135,3,9.0,3,170
M0779,1,6,40,4,6.67,12,115
M0779,1,10,60,5,6.0,9,115
M0779,1,12,72,6,6.0,21,115
M0779,1,15,84,7,5.6,39,115
M0779,2,6,56,1,9.33,0,173
M0779,2,10,97,3,9.7,3,173
M0779,2,12,114,3,9.5,1,173
M0779,2,15,136,5,9.07,0,173
M0780,1,6,45,5,7.5,4,143
M0780,1,10,72,5,7.2,3,143
M0780,1,12,95,6,7.92,0,143
M0780,1,15,110,7,7.33,0,143
M0780,2,6,54,1,9.0,4,184
M0780,2,10,95,1,9.5,0,184
M0780,2,12,119,1,9.92,1,184
M0780,2,15,142,1,9.47,1,184
M0781,1,6,59,0,9.83,0,194
M0781,1,10,99,2,9.9,0,194
M0781,1,12,119,3,9.92,7,194
M0781,1,15,144,4,9.6,4,194
M0781,2,6,59,0,9.83,6,197
M0781,2,10,90,1,9.0,12,197
M0781,2,12,109,1,9.08,4,197
M0781,2,15,136,2,9.07,0,197
M0782,1,6,69,0,11.5,0,164
M0782,1,10,98,1,9.8,12,164
M0782,1,12,107,1,8.92,0,164
M0782,1,15,130,4,8.67,0,164
M0782,2,6,68,1,11.33,10,159
M0782,2,10,86,2,8.6,5,159
M0782,2,12,103,3,8.58,9,159
M0782,2,15,118,4,7.87,12,159
M0783,1,6,52,3,8.67,15,166
M0783,1,10,96,3,9.6,2,166
M0783,1,12,103,3,8.58,14,166
M0783,1,15,128,4,8.53,14,166
M0783,2,6,64,1,10.67,1,180
M0783,2,10,86,1,8.6,5,180
M0783,2,12,103,2,8.58,2,180
M0783,2,15,130,2,8.67,5,180
M0784,1,6,34,4,5.67,12,92
M0784,1,10,68,6,6.8,2,92
M0784,1,12,80,7,6.67,1,92
M0784,2,6,77,1,12.83,3,185
M0784,2,10,96,2,9.6,1,185
M0784,2,12,111,2,9.25,1,185
M0784,2,15,140,3,9.33,4,185
M0785,1,6,48,2,8.0,4,148
M0785,1,10,87,3,8.7,0,148
M0785,1,12,106,4,8.83,1,148
M0785,1,15,127,6,8.47,0,148
M0785,2,6,54,0,9.0,0,125
M0785,2,10,69,1,6.9,24,125
M0785,2,12,80,2,6.67,8,125
M0785,2,15,102,5,6.8,1,125
M0786,1,6,59,3,9.83,7,170
M0786,1,10,114,5,11.4,3,170
M0786,1,12,119,5,9.92,15,170
M0786,1,15,134,6,8.93,11,170
M0786,2,6,55,1,9.17,2,182
M0786,2,10,90,2,9.0,4,182
M0786,2,12,123,2,10.25,0,182
M0786,2,15,148,3,9.87,2,182
M0787,1,6,65,2,10.83,6,218
M0787,1,10,111,2,11.1,1,218
M0787,1,12,136,2,11.33,0,218
M0787,1,15,159,3,10.6,9,218
M0787,2,6,49,2,8.17,4,176
M0787,2,10,87,4,8.7,7,176
M0787,2,12,102,4,8.5,0,176
M0787,2,15,133,4,8.87,1,176
M0788,1,6,43,2,7.17,13,168
M0788,1,10,82,4,8.2,8,168
M0788,1,12,97,5,8.08,7,168
M0788,1,15,124,7,8.27,7,168
M0788,2,6,58,1,9.67,2,189
M0788,2,10,114,2,11.4,2,189
M0788,2,12,133,3,11.08,1,189
M0788,2,15,156,3,10.4,10,189
M0789,1,6,51,3,8.5,6,135
M0789,1,10,76,3,7.6,6,135
M0789,1,12,83,4,6.92,18,135
M0789,1,15,101,5,6.73,11,135
M0789,2,6,46,5,7.67,9,91
M0789,2,10,73,8,7.3,2,91
M0789,2,12,77,9,6.42,14,91
M0790,1,6,53,0,8.83,3,183
M0790,1,10,81,0,8.1,11,183
M0790,1,12,95,0,7.92,7,183
M0790,1,15,121,0,8.07,6,183
M0790,2,6,69,1,11.5,0,162
M0790,2,10,92,3,9.2,0,162
M0790,2,12,102,4,8.5,6,162
M0790,2,15,122,4,8.13,3,162
M0791,1,6,41,0,6.83,15,129
M0791,1,10,71,2,7.1,2,129
M0791,1,12,84,3,7.0,6,129
M0791,1,15,103,4,6.87,0,129
M0791,2,6,47,2,7.83,0,141
M0791,2,10,80,3,8.0,8,141
M0791,2,12,100,3,8.33,0,141
M0791,2,15,114,5,7.6,10,141
M0792,1,6,48,3,8.0,0,133
M0792,1,10,76,4,7.6,1,133
M0792,1,12,92,4,7.67,2,133
M0792,1,15,107,4,7.13,10,133
M0792,2,6,64,0,10.67,0,197
M0792,2,10,100,4,10.0,5,197
M0792,2,12,138,5,11.5,0,197
M0792,2,15,149,6,9.93,6,197
M0793,1,6,52,0,8.67,6,206
M0793,1,10,108,0,10.8,4,206
M0793,1,12,123,0,10.25,11,206
M0793,1,15,157,0,10.47,3,206
M0793,2,6,62,2,10.33,0,156
M0793,2,10,86,5,8.6,3,156
M0793,2,12,104,5,8.67,2,156
M0793,2,15,123,5,8.2,10,156
M0794,1,6,44,4,7.33,22,90
M0794,1,10,69,7,6.9,4,90
M0794,1,12,78,8,6.5,16,90
M0794,1,15,86,9,5.73,34,90
M0794,2,6,46,1,7.67,6,159
M0794,2,10,92,3,9.2,14,159
M0794,2,12,99,4,8.25,26,159
M0794,2,15,122,5,8.13,1,159
M0795,1,6,32,2,5.33,1,141
M0795,1,10,63,2,6.3,1,141
M0795,1,12,77,3,6.42,11,141
M0795,1,15,104,4,6.93,2,141
M0795,2,6,49,3,8.17,9,169
M0795,2,10,70,3,7.0,16,169
M0795,2,12,84,3,7.0,5,169
M0795,2,15,117,3,7.8,2,169
M0796,1,6,56,4,9.33,0,176
M0796,1,10,91,6,9.1,9,176
M0796,1,12,103,6,8.58,9,176
M0796,1,15,138,6,9.2,5,176
M0796,2,6,61,1,10.17,2,192
M0796,2,10,90,1,9.0,16,192
M0796,2,12,109,1,9.08,5,192
M0796,2,15,141,2,9.4,2,192
M0797,1,6,63,1,10.5,0,204
M0797,1,10,85,2,8.5,5,204
M0797,1,12,109,3,9.08,1,204
M0797,1,15,143,4,9.53,2,204
M0797,2,6,44,4,7.33,4,122
M0797,2,10,63,7,6.3,9,122
M0797,2,12,81,8,6.75,1,122
M0797,2,15,96,8,6.4,4,122
M0798,1,6,45,0,7.5,0,190
M0798,1,10,68,0,6.8,14,190
M0798,1,12,90,0,7.5,1,190
M0798,1,15,118,0,7.87,0,190
M0798,2,6,28,2,4.67,15,119
M0798,2,10,60,4,6.0,6,119
M0798,2,12,73,4,6.08,0,119
M0798,2,15,83,4,5.53,2,119
M0799,1,6,67,0,11.17,1,162
M0799,1,10,95,1,9.5,2,162
M0799,1,12,100,1,8.33,14,162
M0799,1,15,118,3,7.87,16,162
M0799,2,6,60,1,10.0,7,179
M0799,2,10,90,1,9.0,3,179
M0799,2,12,112,1,9.33,5,179
M0799,2,15,140,2,9.33,13,179
M0800,1,6,46,3,7.67,1,166
M0800,1,10,85,4,8.5,0,166
M0800,1,12,101,4,8.42,1,166
M0800,1,15,119,4,7.93,2,166
M0800,2,6,39,0,6.5,3,167
M0800,2,10,73,0,7.3,1,167
M0800,2,12,89,0,7.42,1,167
M0800,2,15,113,1,7.53,0,167
